rho,event,node_id,objective,lower_bound,y_json,z_json,w_json
0.0,incumbent_improvement,227,1070.2262903937517,1070.2262903937512,"[0.25, 1.0, 1.0, 0.25, 0.25]","[0.0, 0.0, 0.38468508402373724, 0.0, 0.0]","[0.0, 0.0, 0.0, 536.3479743223962, 0.0, 96.98202567760386]"
0.0,incumbent_improvement,228,1069.853953573761,1069.8539535737602,"[0.25, 1.0, 1.0, 0.25, 0.5]","[0.0, 0.0, 0.38468508402373724, 0.0, 0.0]","[0.0, 0.0, 0.0, 536.347974322396, 0.0, 96.98202567760401]"
0.0,incumbent_improvement,229,1069.5490917122663,1069.5490917122656,"[0.25, 1.0, 1.0, 0.25, 0.75]","[0.0, 0.0, 0.38468508402373724, 0.0, 0.0]","[0.0, 0.0, 0.0, 536.347974322397, 0.0, 96.98202567760308]"
0.0,incumbent_improvement,230,1069.3117048092683,1069.311704809268,"[0.25, 1.0, 1.0, 0.25, 1.0]","[0.0, 0.0, 0.38468508402373724, 0.0, 0.0]","[0.0, 0.0, 0.0, 536.3479743223968, 0.0, 96.98202567760322]"
0.0,incumbent_improvement,430,1068.3567830884351,1068.356783088435,"[0.5, 1.0, 1.0, 0.25, 0.25]","[0.0, 0.0, 0.38468508402373724, 0.0, 0.0]","[0.0, 0.0, 0.0, 536.3479743223974, 0.0, 96.9820256776027]"
0.0,incumbent_improvement,431,1067.9843766126398,1067.9843766126392,"[0.5, 1.0, 1.0, 0.25, 0.5]","[0.0, 0.0, 0.38468508402373724, 0.0, 0.0]","[0.0, 0.0, 0.0, 536.3479743223963, 0.0, 96.98202567760369]"
0.0,incumbent_improvement,433,1067.867201610504,1067.8672016105036,"[0.5, 1.0, 1.0, 0.5, 0.5]","[0.0, 0.0, 0.38468508402373724, 0.0, 0.0]","[0.0, 0.0, 0.0, 536.3479743223977, 0.0, 96.9820256776024]"
0.0,incumbent_improvement,569,1066.8831714477744,1066.8831714477742,"[0.75, 1.0, 1.0, 0.25, 0.25]","[0.0, 0.0, 0.38468508402373724, 0.0, 0.0]","[0.0, 0.0, 0.0, 536.3479743223968, 0.0, 96.98202567760322]"
0.0,incumbent_improvement,570,1066.7641276789109,1066.7641276789109,"[0.75, 1.0, 1.0, 0.5, 0.25]","[0.0, 0.0, 0.38468508402373724, 0.0, 0.0]","[0.0, 0.0, 0.0, 536.3479743223969, 0.0, 96.98202567760316]"
0.05,incumbent_improvement,430,1119.2257472772214,1119.225747277221,"[0.5, 1.0, 1.0, 0.25, 0.25]","[0.0, 0.0, 0.38468508402373724, 0.0, 0.0]","[0.0, 0.0, 0.0, 536.3479743223968, 0.0, 96.98202567760325]"
0.05,incumbent_improvement,431,1118.841985816935,1118.8419858169343,"[0.5, 1.0, 1.0, 0.25, 0.5]","[0.0, 0.0, 0.38468508402373724, 0.0, 0.0]","[0.0, 0.0, 0.0, 536.3479743223974, 0.0, 96.98202567760272]"
0.05,incumbent_improvement,433,1118.7248108147996,1118.7248108147987,"[0.5, 1.0, 1.0, 0.5, 0.5]","[0.0, 0.0, 0.38468508402373724, 0.0, 0.0]","[0.0, 0.0, 0.0, 536.3479743223975, 0.0, 96.98202567760254]"
0.05,incumbent_improvement,569,1117.586785173407,1117.5867851734065,"[0.75, 1.0, 1.0, 0.25, 0.25]","[0.0, 0.0, 0.38468508402373724, 0.0, 0.0]","[0.0, 0.0, 0.0, 536.347974322397, 0.0, 96.98202567760308]"
0.05,incumbent_improvement,227,1121.3062759623635,1121.3062759623626,"[0.25, 1.0, 1.0, 0.25, 0.25]","[0.0, 0.0, 0.38468508402373724, 0.0, 0.0]","[0.0, 0.0, 0.0, 536.3479743223979, 0.0, 96.9820256776021]"
0.05,incumbent_improvement,229,1120.6063130840862,1120.6063130840855,"[0.25, 1.0, 1.0, 0.25, 0.75]","[0.0, 0.0, 0.38468508402373724, 0.0, 0.0]","[0.0, 0.0, 0.0, 536.3479743223962, 0.0, 96.98202567760386]"
0.05,incumbent_improvement,228,1120.922557043977,1120.9225570439758,"[0.25, 1.0, 1.0, 0.25, 0.5]","[0.0, 0.0, 0.38468508402373724, 0.0, 0.0]","[0.0, 0.0, 0.0, 536.347974322397, 0.0, 96.98202567760296]"
0.05,incumbent_improvement,570,1117.4677414045434,1117.4677414045427,"[0.75, 1.0, 1.0, 0.5, 0.25]","[0.0, 0.0, 0.38468508402373724, 0.0, 0.0]","[0.0, 0.0, 0.0, 536.3479743223969, 0.0, 96.98202567760312]"
0.05,incumbent_improvement,230,1120.3575440826912,1120.3575440826903,"[0.25, 1.0, 1.0, 0.25, 1.0]","[0.0, 0.0, 0.38468508402373724, 0.0, 0.0]","[0.0, 0.0, 0.0, 536.3479743223968, 0.0, 96.98202567760325]"
0.075,incumbent_improvement,228,1142.2441388197171,1142.244138819717,"[0.25, 1.0, 1.0, 0.25, 0.5]","[0.0, 0.0, 0.38468508402373724, 0.0, 0.0]","[0.0, 0.0, 0.0, 536.3479743223965, 0.0, 96.98202567760354]"
0.075,incumbent_improvement,227,1142.6856497256183,1142.6856497256178,"[0.25, 1.0, 1.0, 0.25, 0.25]","[0.0, 0.0, 0.38468508402373724, 0.0, 0.0]","[0.0, 0.0, 0.0, 536.3479743223963, 0.0, 96.98202567760366]"
0.075,incumbent_improvement,569,1138.8762024422492,1138.8762024422483,"[0.75, 1.0, 1.0, 0.25, 0.25]","[0.0, 0.0, 0.38468508402373724, 0.0, 0.0]","[0.0, 0.0, 0.0, 536.3479743223972, 0.0, 96.98202567760279]"
0.075,incumbent_improvement,433,1140.0011090608984,1140.0011090608978,"[0.5, 1.0, 1.0, 0.5, 0.5]","[0.0, 0.0, 0.38468508402373724, 0.0, 0.0]","[0.0, 0.0, 0.0, 536.3479743223978, 0.0, 96.98202567760222]"
0.075,incumbent_improvement,230,1140.0121355275487,1140.0121355275485,"[0.25, 1.0, 1.0, 0.25, 1.0]","[0.0, 0.0, 0.38468508402373724, 0.0, 0.0]","[0.0, 0.0, 0.0, 350.5548974346015, 185.79307688779565, 96.98202567760288]"
0.075,incumbent_improvement,229,1141.522853017624,1141.5228530176237,"[0.25, 1.0, 1.0, 0.25, 0.75]","[0.0, 0.0, 0.38468508402373724, 0.0, 0.0]","[0.0, 0.0, 0.0, 427.0888732357903, 109.25910108660644, 96.98202567760332]"
0.075,incumbent_improvement,570,1138.757158673386,1138.757158673385,"[0.75, 1.0, 1.0, 0.5, 0.25]","[0.0, 0.0, 0.38468508402373724, 0.0, 0.0]","[0.0, 0.0, 0.0, 536.3479743223965, 0.0, 96.9820256776036]"
0.1,incumbent_improvement,229,1154.5154734571406,1154.5154734571397,"[0.25, 1.0, 1.0, 0.25, 0.75]","[0.0, 0.0, 0.38468508402373724, 0.0, 0.0]","[0.0, 0.0, 0.0, 281.30787141564724, 255.0401029067492, 96.98202567760359]"
0.1,incumbent_improvement,227,1158.831737601958,1158.8317376019577,"[0.25, 1.0, 1.0, 0.25, 0.25]","[0.0, 0.0, 0.38468508402373724, 0.0, 0.0]","[0.0, 0.0, 0.0, 451.4462694509401, 84.90170487145622, 96.98202567760374]"
0.1,incumbent_improvement,228,1156.8962974443557,1156.8962974443548,"[0.25, 1.0, 1.0, 0.25, 0.5]","[0.0, 0.0, 0.38468508402373724, 0.0, 0.0]","[0.0, 0.0, 0.0, 364.81685204088956, 171.53112228150655, 96.98202567760391]"
0.1,incumbent_improvement,230,1152.171486199744,1152.1714861997432,"[0.25, 1.0, 1.0, 0.25, 1.0]","[0.0, 0.0, 0.38468508402373724, 0.0, 0.0]","[0.0, 0.0, 0.0, 276.81861431312865, 259.5293600092671, 96.98202567760424]"
0.125,incumbent_improvement,229,1164.583451617843,1164.583451617842,"[0.25, 1.0, 1.0, 0.25, 0.75]","[0.0, 0.0, 0.38468508402373724, 0.0, 0.0]","[0.0, 0.0, 0.0, 260.23378703478477, 276.11418728761043, 96.98202567760481]"
0.125,incumbent_improvement,227,1171.776923418155,1171.776923418155,"[0.25, 1.0, 1.0, 0.25, 0.25]","[0.0, 0.0, 0.38468508402373724, 0.0, 0.0]","[0.0, 0.0, 0.0, 348.0289218063354, 188.319052516063, 96.98202567760163]"
0.125,incumbent_improvement,228,1167.87518545304,1167.8751854530392,"[0.25, 1.0, 1.0, 0.25, 0.5]","[0.0, 0.0, 0.38468508402373724, 0.0, 0.0]","[0.0, 0.0, 0.0, 280.2418342024023, 256.1061401199937, 96.98202567760404]"
0.125,incumbent_improvement,230,1162.0302379153763,1162.0302379153757,"[0.25, 1.0, 1.0, 0.25, 1.0]","[0.0, 0.0, 0.38468508402373724, 0.0, 0.0]","[0.0, 0.0, 0.0, 261.2240949648151, 275.12387935758153, 96.98202567760342]"
0.15,incumbent_improvement,227,1182.2161406019495,1182.2161406019495,"[0.25, 1.0, 1.0, 0.25, 0.25]","[0.0, 0.0, 0.38468508402373724, 0.0, 0.0]","[0.0, 0.0, 0.0, 252.0736420293519, 284.27433229304455, 96.98202567760359]"
0.15,incumbent_improvement,228,1177.7066395287547,1177.706639528754,"[0.25, 1.0, 1.0, 0.25, 0.5]","[0.0, 0.0, 0.38468508402373724, 0.0, 0.0]","[0.0, 0.0, 0.0, 253.18914453794577, 283.1588297844506, 96.98202567760374]"
0.15,incumbent_improvement,229,1174.1393583330207,1174.1393583330205,"[0.25, 1.0, 1.0, 0.25, 0.75]","[0.0, 0.0, 0.38468508402373724, 0.0, 0.0]","[0.0, 0.0, 0.0, 257.2556133515211, 279.0923609708765, 96.98202567760246]"
0.15,incumbent_improvement,230,1171.2367434059354,1171.2367434059352,"[0.25, 1.0, 1.0, 0.25, 1.0]","[0.0, 0.0, 0.38468508402373724, 0.0, 0.0]","[0.0, 0.0, 0.0, 276.1857267942382, 260.16224752815884, 96.98202567760298]"
0.2,incumbent_improvement,227,1201.4261285800317,1201.426128580031,"[0.25, 1.0, 1.0, 0.25, 0.25]","[0.0, 0.0, 0.38468508402373724, 0.0, 0.0]","[0.0, 0.0, 0.0, 276.18572679424534, 260.1622475281519, 96.98202567760279]"
0.2,incumbent_improvement,228,1196.4409176382123,1196.4409176382117,"[0.25, 1.0, 1.0, 0.25, 0.5]","[0.0, 0.0, 0.38468508402373724, 0.0, 0.0]","[0.0, 0.0, 0.0, 274.45833339350474, 261.88964092889, 96.9820256776053]"
0.2,incumbent_improvement,229,1192.462717608379,1192.4627176083784,"[0.25, 1.0, 1.0, 0.25, 0.75]","[0.0, 0.0, 0.38468508402373724, 0.0, 0.0]","[0.0, 0.0, 0.0, 274.45833339350304, 261.88964092889347, 96.98202567760353]"
0.2,incumbent_improvement,230,1189.494566788295,1189.4945667882944,"[0.25, 1.0, 1.0, 0.25, 1.0]","[0.0, 0.0, 0.38468508402373724, 0.0, 0.0]","[0.0, 0.0, 0.0, 274.4583333935047, 261.889640928892, 96.98202567760333]"
0.25,incumbent_improvement,228,1214.6768834630884,1214.6768834630875,"[0.25, 1.0, 1.0, 0.25, 0.5]","[0.0, 0.0, 0.38468508402373724, 0.0, 0.0]","[0.0, 0.0, 0.0, 274.45833339350554, 261.88964092888966, 96.98202567760481]"
0.25,incumbent_improvement,227,1219.665132702672,1219.6651327026707,"[0.25, 1.0, 1.0, 0.25, 0.25]","[0.0, 0.0, 0.38468508402373724, 0.0, 0.0]","[0.0, 0.0, 0.0, 274.4583333935094, 261.88964092888466, 96.98202567760595]"
0.25,incumbent_improvement,230,1207.6629733678294,1207.6629733678285,"[0.25, 1.0, 1.0, 0.25, 1.0]","[0.0, 0.0, 0.38468508402373724, 0.0, 0.0]","[0.0, 0.0, 0.0, 236.14323285883987, 300.2047414635574, 96.98202567760273]"
0.25,incumbent_improvement,229,1210.6986834332552,1210.6986834332542,"[0.25, 1.0, 1.0, 0.25, 0.75]","[0.0, 0.0, 0.38468508402373724, 0.0, 0.0]","[0.0, 0.0, 0.0, 274.45833339350474, 261.88964092889057, 96.9820256776047]"
