instance_id,scenario_id,n,feasible_nilsr,objective_nilsr,cpu_time_nilsr,feasible_other,objective_other,cpu_time_other,usable_nilsr,usable_other,pair_feasible,objective_diff_nilsr_minus_other,improvement_nilsr_vs_other_pct,winner
S0001_R01,S0001,15,True,53.0377964654,1.1573281288,True,53.0377964654,1.0428206921,True,True,True,0.0000000000,0.0000000000,tie
S0001_R02,S0001,15,True,56.1441439138,1.4930007458,True,56.1441439138,1.4323709011,True,True,True,0.0000000000,0.0000000000,tie
S0001_R03,S0001,15,True,303.9816844475,0.6874208450,True,110.6349257546,1.6962075233,True,True,True,193.3467586929,-174.7610507027,nils
S0001_R04,S0001,15,True,57.6177680989,0.8551290035,True,57.6177680989,0.7795853615,True,True,True,0.0000000000,0.0000000000,tie
S0001_R05,S0001,15,True,120.6826623060,1.0185589790,True,120.6826623060,0.8690454960,True,True,True,0.0000000000,0.0000000000,tie
S0001_R06,S0001,15,True,51.9446888923,1.5260109901,True,51.9446888923,0.7887589931,True,True,True,0.0000000000,0.0000000000,tie
S0001_R07,S0001,15,True,84.8081832400,1.5000779629,True,84.8081832400,0.6240546703,True,True,True,0.0000000000,0.0000000000,tie
S0001_R08,S0001,15,True,127.1246283841,1.5912742615,True,127.1246283841,0.7431025505,True,True,True,0.0000000000,0.0000000000,tie
S0001_R09,S0001,15,True,64.9874093858,1.5602736473,True,64.9874093858,0.9522626400,True,True,True,0.0000000000,0.0000000000,tie
S0001_R10,S0001,15,True,117.4632441245,2.1258428097,True,117.4632441245,1.1098644733,True,True,True,0.0000000000,0.0000000000,tie
S0002_R01,S0002,15,True,79.5340332504,1.3795113564,True,79.5340332504,0.8630065918,True,True,True,0.0000000000,0.0000000000,tie
S0002_R02,S0002,15,True,126.0112444808,1.3597724438,True,126.0112444808,0.9083719254,True,True,True,0.0000000000,0.0000000000,tie
S0002_R03,S0002,15,True,1569.8844143070,0.9728870392,True,129.5818202800,0.9357383251,True,True,True,1440.3025940270,-1111.5005105769,nils
S0002_R04,S0002,15,True,1422.8879513994,0.8300476074,True,127.3470481762,0.8269999027,True,True,True,1295.5409032232,-1017.3309250409,nils
S0002_R05,S0002,15,True,50.3773446243,1.6006138325,True,50.3773446243,1.1104781628,True,True,True,0.0000000000,0.0000000000,tie
S0002_R06,S0002,15,True,109.9629880183,1.3317329884,True,109.9629880183,0.3124768734,True,True,True,0.0000000000,0.0000000000,tie
S0002_R07,S0002,15,True,51.4860936008,1.1477472782,True,51.4860936008,0.8276441097,True,True,True,0.0000000000,0.0000000000,tie
S0002_R08,S0002,15,True,120.3040632275,0.4761207104,True,120.3040632275,0.5176355839,True,True,True,0.0000000000,0.0000000000,tie
S0002_R09,S0002,15,True,53.9577274283,1.6228191853,True,53.9577274283,0.9872210026,True,True,True,0.0000000000,0.0000000000,tie
S0002_R10,S0002,15,True,114.3629445150,0.8400011063,True,114.3629445150,0.8184914589,True,True,True,0.0000000000,0.0000000000,tie
S0003_R01,S0003,15,True,179.8327191443,0.9108161926,True,149.6850490951,0.8044126034,True,True,True,30.1476700492,-20.1407356523,nils
S0003_R02,S0003,15,True,163.4442414448,0.7957363129,True,163.7301870117,0.6570248604,True,True,True,-0.2859455669,0.1746443781,nils_r
S0003_R03,S0003,15,True,154.1309294852,1.3269665241,True,184.7351338656,1.3276724815,True,True,True,-30.6042043804,16.5665316283,nils_r
S0003_R04,S0003,15,True,175.8400682827,1.0120074749,True,175.8400682827,0.5175225735,True,True,True,0.0000000000,0.0000000000,tie
S0003_R05,S0003,15,True,191.6425728705,0.8038449287,True,206.8633452660,0.5873684883,True,True,True,-15.2207723955,7.3578875832,nils_r
S0003_R06,S0003,15,True,110.1069717205,0.2618932724,True,110.1069717205,0.6666200161,True,True,True,0.0000000000,0.0000000000,tie
S0003_R07,S0003,15,True,141.7384765012,0.7874140739,True,141.7384765012,0.7075335979,True,True,True,0.0000000000,0.0000000000,tie
S0003_R08,S0003,15,True,114.3995011711,0.7825727463,True,117.6621256261,1.3562588692,True,True,True,-3.2626244550,2.7728756706,nils_r
S0003_R09,S0003,15,True,133.1840099243,0.9311518669,True,133.1840099243,0.9019739628,True,True,True,0.0000000000,0.0000000000,tie
S0003_R10,S0003,15,True,88.4756490147,1.5568063259,True,93.3422796927,0.7099063396,True,True,True,-4.8666306780,5.2137473972,nils_r
S0004_R01,S0004,15,True,1590.0764218969,0.9868326187,True,145.0701297622,0.8887600899,True,True,True,1445.0062921347,-996.0743086832,nils
S0004_R02,S0004,15,True,144.1412322972,0.2779190540,True,144.1412322972,0.7914037704,True,True,True,0.0000000000,0.0000000000,tie
S0004_R03,S0004,15,True,123.5720145173,1.5573008060,True,127.2913439212,0.5662553310,True,True,True,-3.7193294039,2.9219028485,nils_r
S0004_R04,S0004,15,True,642.8031293969,0.7882006168,True,164.0526016781,0.7103965282,True,True,True,478.7505277188,-291.8274521840,nils
S0004_R05,S0004,15,True,280.9473673069,0.3275780678,True,280.9473673069,0.6423246861,True,True,True,0.0000000000,0.0000000000,tie
S0004_R06,S0004,15,True,377.5412546265,0.9265556335,True,151.5020745616,0.7234354019,True,True,True,226.0391800649,-149.1987358714,nils
S0004_R07,S0004,15,True,200.0389704946,0.9211690426,True,190.4617199405,0.6885743141,True,True,True,9.5772505541,-5.0284385530,nils
S0004_R08,S0004,15,True,144.4222187610,0.8039727211,True,144.4222187610,0.5608532429,True,True,True,0.0000000000,0.0000000000,tie
S0004_R09,S0004,15,True,577.7046422328,0.9415810108,True,136.0872558225,0.9825937748,True,True,True,441.6173864103,-324.5104648052,nils
S0004_R10,S0004,15,True,105.4184221934,1.4134867191,True,105.7597583288,1.4467601776,True,True,True,-0.3413361354,0.3227467052,nils_r
S0005_R01,S0005,15,True,163.6755226277,1.0732719898,True,163.6755226277,0.8948862553,True,True,True,0.0000000000,0.0000000000,tie
S0005_R02,S0005,15,True,2338.5033848534,1.0235531330,True,169.3230860601,0.4265928268,True,True,True,2169.1802987933,-1281.0895131119,nils
S0005_R03,S0005,15,True,160.7767586545,1.4829025269,True,160.7767586545,0.6585848331,True,True,True,0.0000000000,0.0000000000,tie
S0005_R04,S0005,15,True,4263.6394876567,1.2196247578,True,2494.7115706500,0.3908321857,True,True,True,1768.9279170067,-70.9071115803,nils
S0005_R05,S0005,15,True,1984.5697489274,0.9001200199,True,1984.5697489274,0.6389858723,True,True,True,0.0000000000,0.0000000000,tie
S0005_R06,S0005,15,True,270.5836961751,1.1267633438,True,270.5836961751,0.6387989521,True,True,True,0.0000000000,0.0000000000,tie
S0005_R07,S0005,15,True,2651.3906225486,0.9308619499,True,118.6649523611,0.5756125450,True,True,True,2532.7256701875,-2134.3502186563,nils
S0005_R08,S0005,15,True,142.7761522399,1.0836882591,True,142.7761522399,1.1123182774,True,True,True,0.0000000000,0.0000000000,tie
S0005_R09,S0005,15,True,114.8823569984,0.7966823578,True,114.8823569984,0.7142746449,True,True,True,0.0000000000,0.0000000000,tie
S0005_R10,S0005,15,True,3327.6537935020,1.2736399174,True,3330.7348241268,0.5123105049,True,True,True,-3.0810306248,0.0925030297,nils_r
S0006_R01,S0006,15,True,158.2834019742,1.0115532875,True,150.7339340833,0.7734508514,True,True,True,7.5494678909,-5.0084726686,nils
S0006_R02,S0006,15,True,150.0090227771,0.2476177216,True,150.0090227771,0.7420229912,True,True,True,0.0000000000,0.0000000000,tie
S0006_R03,S0006,15,True,112.6736909356,1.1103820801,True,117.8030435152,0.8330018520,True,True,True,-5.1293525796,4.3541766210,nils_r
S0006_R04,S0006,15,True,142.3370598331,1.6325578690,True,142.3370598331,0.6465051174,True,True,True,0.0000000000,0.0000000000,tie
S0006_R05,S0006,15,True,178.3952758321,2.0042326450,True,155.4912501857,0.7119667530,True,True,True,22.9040256464,-14.7301057899,nils
S0006_R06,S0006,15,True,131.5277426109,0.7921569347,True,131.5277426109,0.6501104832,True,True,True,0.0000000000,0.0000000000,tie
S0006_R07,S0006,15,True,124.6536866396,0.7838351727,True,124.6536866396,0.5522844791,True,True,True,0.0000000000,0.0000000000,tie
S0006_R08,S0006,15,True,146.4404001135,0.4446108341,True,150.3166642785,0.5594685078,True,True,True,-3.8762641650,2.5787321609,nils_r
S0006_R09,S0006,15,True,145.0079138678,1.2462015152,True,143.6921381793,0.6430900097,True,True,True,1.3157756885,-0.9156907992,nils
S0006_R10,S0006,15,True,131.8894440925,0.8497457504,True,131.8894440925,0.5818717480,True,True,True,0.0000000000,0.0000000000,tie
S0007_R01,S0007,15,True,133.6646353088,1.3524219990,True,133.6646353088,0.7838656902,True,True,True,0.0000000000,0.0000000000,tie
S0007_R02,S0007,15,True,5746.6835756395,1.1579015255,True,171.3867850002,0.7521972656,True,True,True,5575.2967906393,-3253.0494055494,nils
S0007_R03,S0007,15,True,130.6351642335,1.0824241638,True,133.1121385576,0.6082675457,True,True,True,-2.4769743241,1.8608177668,nils_r
S0007_R04,S0007,15,True,161.8873433694,0.9956946373,True,161.8873433694,0.7553668022,True,True,True,0.0000000000,0.0000000000,tie
S0007_R05,S0007,15,True,159.1994887636,0.4330048561,True,159.1994887636,0.4451415539,True,True,True,0.0000000000,0.0000000000,tie
S0007_R06,S0007,15,True,154.7197307166,1.3716332912,True,154.7197307166,0.5946936607,True,True,True,0.0000000000,0.0000000000,tie
S0007_R07,S0007,15,True,104.6428982091,0.9329597950,True,104.6428982091,0.6275222301,True,True,True,0.0000000000,0.0000000000,tie
S0007_R08,S0007,15,True,1599.9229155565,1.2693190575,True,161.8656263731,0.4602379799,True,True,True,1438.0572891834,-888.4266050833,nils
S0007_R09,S0007,15,True,6547.5871271027,1.0726742744,True,138.4391171717,0.4500901699,True,True,True,6409.1480099310,-4629.5787930965,nils
S0007_R10,S0007,15,True,96.7463076943,0.8924133778,True,96.7463076943,0.7152886391,True,True,True,0.0000000000,0.0000000000,tie
S0008_R01,S0008,15,True,111.2819180258,0.9945852757,True,111.2819180258,0.5557987690,True,True,True,0.0000000000,0.0000000000,tie
S0008_R02,S0008,15,True,156.9608705130,0.5725064278,True,156.9608705130,0.6114242077,True,True,True,0.0000000000,0.0000000000,tie
S0008_R03,S0008,15,True,123.1138138757,0.9932847023,True,123.1138138757,0.5749425888,True,True,True,0.0000000000,0.0000000000,tie
S0008_R04,S0008,15,True,113.3885337254,1.6837408543,True,117.2913969634,0.2284271717,True,True,True,-3.9028632380,3.3274931828,nils_r
S0008_R05,S0008,15,True,159.3163613885,0.4093339443,True,159.9991791416,0.5554184914,True,True,True,-0.6828177531,0.4267632851,nils_r
S0008_R06,S0008,15,True,145.5424682246,0.7104868889,True,168.1045322281,0.8068449497,True,True,True,-22.5620640035,13.4214489666,nils_r
S0008_R07,S0008,15,True,155.2916172503,1.8037331104,True,155.2916172503,1.1503956318,True,True,True,0.0000000000,0.0000000000,tie
S0008_R08,S0008,15,True,135.2645299397,1.5835840702,True,135.2645299397,0.2105298042,True,True,True,0.0000000000,0.0000000000,tie
S0008_R09,S0008,15,True,116.0600456008,0.5480909348,True,116.0600456008,0.7579960823,True,True,True,0.0000000000,0.0000000000,tie
S0008_R10,S0008,15,True,203.9761690284,0.9084370136,True,203.9761690284,0.9211466312,True,True,True,0.0000000000,0.0000000000,tie
S0009_R01,S0009,15,True,1126.6268636865,0.9592032433,True,121.6839051699,1.7878403664,True,True,True,1004.9429585166,-825.8635002825,nils
S0009_R02,S0009,15,True,53.5838089981,0.5812101364,True,53.5838089981,1.0620148182,True,True,True,0.0000000000,0.0000000000,tie
S0009_R03,S0009,15,True,55.9844170158,1.1020703316,True,55.9844170158,0.6850457191,True,True,True,0.0000000000,0.0000000000,tie
S0009_R04,S0009,15,True,84.4911325539,1.8592951298,True,84.4911325539,1.2693340778,True,True,True,0.0000000000,0.0000000000,tie
S0009_R05,S0009,15,True,50.1467614882,1.0844087601,True,50.1467614882,0.8512611389,True,True,True,0.0000000000,0.0000000000,tie
S0009_R06,S0009,15,True,50.3798216651,1.0313310623,True,50.3798216651,0.9134819508,True,True,True,0.0000000000,0.0000000000,tie
S0009_R07,S0009,15,True,49.8623640547,1.1831984520,True,49.8623640547,0.9597136974,True,True,True,0.0000000000,0.0000000000,tie
S0009_R08,S0009,15,True,52.5905863547,1.0231268406,True,52.5905863547,0.9384322166,True,True,True,0.0000000000,0.0000000000,tie
S0009_R09,S0009,15,True,51.3031293588,1.2782235146,True,51.3031293588,0.6288046837,True,True,True,0.0000000000,0.0000000000,tie
S0009_R10,S0009,15,True,51.2288463622,0.5696036816,True,51.2288463622,0.8431551456,True,True,True,0.0000000000,0.0000000000,tie
S0010_R01,S0010,15,True,145.8066976880,1.3143813610,True,145.8066976880,0.9443151951,True,True,True,0.0000000000,0.0000000000,tie
S0010_R02,S0010,15,True,149.1654687876,1.7594556808,True,144.1177379302,0.2847476006,True,True,True,5.0477308574,-3.5025049171,nils
S0010_R03,S0010,15,True,139.5294834907,1.2614607811,True,139.5294834907,0.7150824070,True,True,True,0.0000000000,0.0000000000,tie
S0010_R04,S0010,15,True,130.7828767452,1.1447954178,True,130.7828767452,1.2400338650,True,True,True,0.0000000000,0.0000000000,tie
S0010_R05,S0010,15,True,3219.3326704632,1.1171927452,True,174.8428696115,0.9040527344,True,True,True,3044.4898008517,-1741.2719246810,nils
S0010_R06,S0010,15,True,116.7493635190,2.0809667110,True,126.8261902895,0.7440633774,True,True,True,-10.0768267705,7.9453831638,nils_r
S0010_R07,S0010,15,True,138.0576769979,0.7654008865,True,138.0576769979,0.9205362797,True,True,True,0.0000000000,0.0000000000,tie
S0010_R08,S0010,15,True,1344.1412494815,1.2596602440,True,977.6736722601,0.8812971115,True,True,True,366.4675772214,-37.4836295197,nils
S0010_R09,S0010,15,True,125.3385508170,1.0428509712,True,125.3385508170,0.6520256996,True,True,True,0.0000000000,0.0000000000,tie
S0010_R10,S0010,15,True,133.0363434457,1.0045800209,True,133.0363434457,0.9136154652,True,True,True,0.0000000000,0.0000000000,tie
S0011_R01,S0011,15,True,89.6736231316,2.0672063828,True,89.6736231316,1.3232045174,True,True,True,0.0000000000,0.0000000000,tie
S0011_R02,S0011,15,True,49.7361751927,1.6037697792,True,49.7361751927,0.6059625149,True,True,True,0.0000000000,0.0000000000,tie
S0011_R03,S0011,15,True,52.2248760446,2.3947129250,True,52.2248760446,1.1056101322,True,True,True,0.0000000000,0.0000000000,tie
S0011_R04,S0011,15,True,84.6587453105,0.4846756458,True,84.6587453105,0.8831479549,True,True,True,0.0000000000,0.0000000000,tie
S0011_R05,S0011,15,True,56.5381355988,1.9254631996,True,56.5381355988,1.1066298485,True,True,True,0.0000000000,0.0000000000,tie
S0011_R06,S0011,15,True,1208.3378070788,1.5449507236,True,122.2715383454,1.1630752087,True,True,True,1086.0662687334,-888.2412730143,nils
S0011_R07,S0011,15,True,50.3930840275,1.1018106937,True,50.3930840275,0.8828935623,True,True,True,0.0000000000,0.0000000000,tie
S0011_R08,S0011,15,True,116.6036312461,2.7777771950,True,116.6036312461,1.0011889935,True,True,True,0.0000000000,0.0000000000,tie
S0011_R09,S0011,15,True,79.0955100336,2.1972918510,True,79.0955100336,0.5772655010,True,True,True,0.0000000000,0.0000000000,tie
S0011_R10,S0011,15,True,58.8471392042,1.1206486225,True,58.8471392042,1.0002326965,True,True,True,0.0000000000,0.0000000000,tie
S0012_R01,S0012,15,True,2454.6710195821,1.1451761723,True,158.6698167977,0.8945326805,True,True,True,2296.0012027844,-1447.0308525734,nils
S0012_R02,S0012,15,True,8751.6677939252,1.2581090927,True,8751.6677939252,2.3198575974,True,True,True,0.0000000000,0.0000000000,tie
S0012_R03,S0012,15,True,6320.9083622561,0.6553685665,True,2414.0652959853,0.6307148933,True,True,True,3906.8430662708,-161.8366774407,nils
S0012_R04,S0012,15,True,15585.8411526309,0.6526038647,True,3763.6431966570,0.8484563828,True,True,True,11822.1979559739,-314.1158005221,nils
S0012_R05,S0012,15,True,8271.1191071308,1.1258230209,True,157.3767092215,0.8660025597,True,True,True,8113.7423979093,-5155.6182856064,nils
S0012_R06,S0012,15,True,132.5766940341,1.5033848286,True,134.4914592047,0.8575153351,True,True,True,-1.9147651706,1.4237076331,nils_r
S0012_R07,S0012,15,True,103.5741083337,0.9922783375,True,103.5741083337,1.7771224976,True,True,True,0.0000000000,0.0000000000,tie
S0012_R08,S0012,15,True,6055.3188324995,0.8846654892,True,1129.0137163016,2.3900995255,True,True,True,4926.3051161979,-436.3370475547,nils
S0012_R09,S0012,15,True,92.6458542943,0.6496222019,True,94.2638812573,0.4908845425,True,True,True,-1.6180269630,1.7164866770,nils_r
S0012_R10,S0012,15,True,129.5559366617,1.0138590336,True,129.5559366617,0.2293863297,True,True,True,0.0000000000,0.0000000000,tie
S0013_R01,S0013,15,True,46.6817056390,0.9115059376,True,46.7546952907,1.6952645779,True,True,True,-0.0729896517,0.1561119183,nils_r
S0013_R02,S0013,15,True,50.7784262653,2.4623072147,True,51.8649435165,1.3776059151,True,True,True,-1.0865172512,2.0948972033,nils_r
S0013_R03,S0013,15,True,46.0807232363,1.6721732616,True,46.3548360122,1.3691194057,True,True,True,-0.2741127759,0.5913358766,nils_r
S0013_R04,S0013,15,True,48.3914150541,2.0454404354,True,48.7039815291,1.9534099102,True,True,True,-0.3125664750,0.6417678087,nils_r
S0013_R05,S0013,15,True,45.7644942180,2.5532927513,True,46.2087896504,1.3709948063,True,True,True,-0.4442954324,0.9614954985,nils_r
S0013_R06,S0013,15,True,52.3039390576,1.9731717110,True,52.3039390576,1.3316524029,True,True,True,0.0000000000,0.0000000000,tie
S0013_R07,S0013,15,True,52.6938038490,2.2080390453,True,53.0963965113,0.9058964252,True,True,True,-0.4025926623,0.7582297270,nils_r
S0013_R08,S0013,15,True,45.1507818735,2.6015293598,True,45.4937782145,1.9788055420,True,True,True,-0.3429963410,0.7539412079,nils_r
S0013_R09,S0013,15,True,47.5833030146,2.4008042812,True,47.6067498584,2.0518770218,True,True,True,-0.0234468438,0.0492510912,nils_r
S0013_R10,S0013,15,True,48.7930162515,2.5674500465,True,49.1227897127,1.5836868286,True,True,True,-0.3297734612,0.6713247825,nils_r
S0014_R01,S0014,15,True,48.6466693541,3.0630712509,True,48.6912697746,1.4117307663,True,True,True,-0.0446004205,0.0915983927,nils_r
S0014_R02,S0014,15,True,50.6725959894,2.7538650036,True,50.7122249231,1.2270228863,True,True,True,-0.0396289337,0.0781447348,nils_r
S0014_R03,S0014,15,True,48.0347654796,2.4122488499,True,48.0347654796,0.9301266670,True,True,True,0.0000000000,0.0000000000,tie
S0014_R04,S0014,15,True,49.7366052151,2.2755587101,True,50.8615072771,1.1327188015,True,True,True,-1.1249020620,2.2116962753,nils_r
S0014_R05,S0014,15,True,50.5545362574,2.8967227936,True,50.8970015471,0.6286287308,True,True,True,-0.3424652897,0.6728594599,nils_r
S0014_R06,S0014,15,True,46.1737671765,2.2631011009,True,46.5210789201,0.8781611919,True,True,True,-0.3473117436,0.7465685484,nils_r
S0014_R07,S0014,15,True,50.0297389158,2.5849235058,True,50.2913855216,1.2604725361,True,True,True,-0.2616466058,0.5202612795,nils_r
S0014_R08,S0014,15,True,47.3210614550,2.6383037567,True,48.4301209364,1.0118722916,True,True,True,-1.1090594814,2.2900200535,nils_r
S0014_R09,S0014,15,True,50.4981936658,2.4508309364,True,50.9764465226,0.9915268421,True,True,True,-0.4782528568,0.9381839838,nils_r
S0014_R10,S0014,15,True,49.5752916615,1.9251010418,True,50.6290270642,1.1954889297,True,True,True,-1.0537354027,2.0812870873,nils_r
S0015_R01,S0015,15,True,51.3355769809,1.5787904263,True,51.3355769809,2.2373030186,True,True,True,0.0000000000,0.0000000000,tie
S0015_R02,S0015,15,True,44.7307591946,2.1960875988,True,45.2768710320,1.3145885468,True,True,True,-0.5461118374,1.2061607283,nils_r
S0015_R03,S0015,15,True,45.8482370035,2.2132236958,True,46.1935904645,1.1574962139,True,True,True,-0.3453534610,0.7476220348,nils_r
S0015_R04,S0015,15,True,54.1256195061,1.6559576988,True,54.1256195061,0.9280693531,True,True,True,0.0000000000,0.0000000000,tie
S0015_R05,S0015,15,True,53.2339027876,1.1014962196,True,53.2339027876,0.8929593563,True,True,True,0.0000000000,0.0000000000,tie
S0015_R06,S0015,15,True,54.6302250972,1.4112007618,True,54.6302250972,0.8997302055,True,True,True,0.0000000000,0.0000000000,tie
S0015_R07,S0015,15,True,49.6785578605,2.0489776134,True,50.1934952217,0.6600317955,True,True,True,-0.5149373612,1.0259045698,nils_r
S0015_R08,S0015,15,True,47.3432081521,3.2342627048,True,47.8693141259,0.2684388161,True,True,True,-0.5261059738,1.0990464004,nils_r
S0015_R09,S0015,15,True,55.1944820446,1.7284007072,True,55.3396465745,1.0945327282,True,True,True,-0.1451645299,0.2623156071,nils_r
S0015_R10,S0015,15,True,51.1223769460,2.2516248226,True,51.3429911703,1.3345186710,True,True,True,-0.2206142243,0.4296871282,nils_r
S0016_R01,S0016,15,True,50.3820285177,3.0140843391,True,51.2391850625,0.6666254997,True,True,True,-0.8571565448,1.6728535861,nils_r
S0016_R02,S0016,15,True,50.3097547747,1.1135492325,True,50.3097547747,1.1998841763,True,True,True,0.0000000000,0.0000000000,tie
S0016_R03,S0016,15,True,49.6700792747,2.1497504711,True,50.2577310735,1.6397132874,True,True,True,-0.5876517988,1.1692764203,nils_r
S0016_R04,S0016,15,True,53.3516940934,1.6644413471,True,53.3516940934,0.6332628727,True,True,True,0.0000000000,0.0000000000,tie
S0016_R05,S0016,15,True,48.0294177611,2.3575143814,True,48.2969178713,0.2581510544,True,True,True,-0.2675001102,0.5538657993,nils_r
S0016_R06,S0016,15,True,49.3259394038,2.2273602486,True,49.4013251544,1.0103538036,True,True,True,-0.0753857506,0.1525986406,nils_r
S0016_R07,S0016,15,True,51.5589077017,2.6511082649,True,51.8463311775,0.7648851871,True,True,True,-0.2874234758,0.5543757278,nils_r
S0016_R08,S0016,15,True,49.2662043847,0.8314783573,True,49.2914363500,0.7733259201,True,True,True,-0.0252319653,0.0511893488,nils_r
S0016_R09,S0016,15,True,47.0785193930,2.1053419113,True,47.4888209199,2.5220353603,True,True,True,-0.4103015269,0.8639960289,nils_r
S0016_R10,S0016,15,True,47.6204815110,2.5847835541,True,48.1781701820,0.8597590923,True,True,True,-0.5576886710,1.1575546952,nils_r
S0017_R01,S0017,15,True,107.6285358568,1.0503711700,True,107.6285358568,0.8139338493,True,True,True,0.0000000000,0.0000000000,tie
S0017_R02,S0017,15,True,128.2080587515,1.4988296032,True,132.3184315198,0.4078736305,True,True,True,-4.1103727683,3.1064249486,nils_r
S0017_R03,S0017,15,True,181.7699237788,1.4566123486,True,186.9013776085,0.9723105431,True,True,True,-5.1314538297,2.7455409347,nils_r
S0017_R04,S0017,15,True,160.2727466063,1.4391317368,True,158.4154734413,0.4474301338,True,True,True,1.8572731650,-1.1724064100,nils
S0017_R05,S0017,15,True,119.6149235274,0.8923199177,True,119.6149235274,0.8155298233,True,True,True,0.0000000000,0.0000000000,tie
S0017_R06,S0017,15,True,143.0841179759,1.5493683815,True,144.9288168620,1.2393593788,True,True,True,-1.8446988861,1.2728309842,nils_r
S0017_R07,S0017,15,True,199.3520801730,1.5424351692,True,199.3520801730,0.8358652592,True,True,True,0.0000000000,0.0000000000,tie
S0017_R08,S0017,15,True,139.7821806314,1.2357661724,True,145.1408375751,1.0537734032,True,True,True,-5.3586569437,3.6920394241,nils_r
S0017_R09,S0017,15,True,139.1495616877,1.0744428635,True,139.3324285369,0.9186587334,True,True,True,-0.1828668492,0.1312450024,nils_r
S0017_R10,S0017,15,True,132.0455391363,0.9157934189,True,132.0455391363,0.9171473980,True,True,True,0.0000000000,0.0000000000,tie
S0018_R01,S0018,15,True,50.2631104062,4.3774025440,True,50.2805350005,1.3822317123,True,True,True,-0.0174245943,0.0346547512,nils_r
S0018_R02,S0018,15,True,51.7368197623,4.9882118702,True,52.8511346098,1.3302075863,True,True,True,-1.1143148475,2.1084028862,nils_r
S0018_R03,S0018,15,True,52.8765791480,2.2839412689,True,53.1777773711,1.3415994644,True,True,True,-0.3011982231,0.5663986687,nils_r
S0018_R04,S0018,15,True,50.7945638960,2.2114138603,True,51.7201025281,1.2518520355,True,True,True,-0.9255386321,1.7895143027,nils_r
S0018_R05,S0018,15,True,53.5343920904,2.2419042587,True,53.7875118536,1.0408055782,True,True,True,-0.2531197632,0.4705920658,nils_r
S0018_R06,S0018,15,True,45.7149953446,2.2363307476,True,48.8206359802,1.0987188816,True,True,True,-3.1056406356,6.3613276911,nils_r
S0018_R07,S0018,15,True,52.6507895179,2.5032067299,True,53.1020297547,1.2682142258,True,True,True,-0.4512402368,0.8497608074,nils_r
S0018_R08,S0018,15,True,50.1496198159,2.5160653591,True,50.9539398967,1.1903686523,True,True,True,-0.8043200808,1.5785238245,nils_r
S0018_R09,S0018,15,True,47.4745036411,2.2866735458,True,47.4912295093,1.5496032238,True,True,True,-0.0167258682,0.0352188570,nils_r
S0018_R10,S0018,15,True,49.7225112909,2.3440673351,True,49.7225112909,1.8270218372,True,True,True,0.0000000000,0.0000000000,tie
S0019_R01,S0019,15,True,45.1861631329,1.1985979080,True,46.1317787354,1.3429145813,True,True,True,-0.9456156025,2.0498138776,nils_r
S0019_R02,S0019,15,True,48.6138266072,1.1780996323,True,48.9567002408,1.6820955276,True,True,True,-0.3428736336,0.7003609964,nils_r
S0019_R03,S0019,15,True,49.7751557802,2.0629596710,True,49.7751557802,1.6110887527,True,True,True,0.0000000000,0.0000000000,tie
S0019_R04,S0019,15,True,49.3817736452,3.4649910927,True,50.1050416662,1.2684118748,True,True,True,-0.7232680210,1.4435034818,nils_r
S0019_R05,S0019,15,True,47.4323296811,3.0892796516,True,47.5716026013,1.5850284100,True,True,True,-0.1392729202,0.2927648273,nils_r
S0019_R06,S0019,15,True,45.8080205302,0.7179162502,True,46.4768498528,1.2241592407,True,True,True,-0.6688293226,1.4390590686,nils_r
S0019_R07,S0019,15,True,47.1247100036,1.9187686443,True,47.4227687642,1.3675043583,True,True,True,-0.2980587606,0.6285140416,nils_r
S0019_R08,S0019,15,True,54.8039837959,3.6324555874,True,55.9000685657,1.2039639950,True,True,True,-1.0960847698,1.9607932475,nils_r
S0019_R09,S0019,15,True,47.5171213975,2.4712824821,True,47.8232552078,1.2162525654,True,True,True,-0.3061338103,0.6401358690,nils_r
S0019_R10,S0019,15,True,49.5381393790,2.8326966763,True,50.0242410984,1.5110812187,True,True,True,-0.4861017194,0.9717323216,nils_r
S0020_R01,S0020,15,True,149.5825381813,1.5749588013,True,149.5825381813,0.8944201469,True,True,True,0.0000000000,0.0000000000,tie
S0020_R02,S0020,15,True,78.4840171737,3.2132246494,True,79.1609105811,0.7696678638,True,True,True,-0.6768934074,0.8550854234,nils_r
S0020_R03,S0020,15,True,79.7041030032,1.8706734180,True,79.7041030032,0.8067655563,True,True,True,0.0000000000,0.0000000000,tie
S0020_R04,S0020,15,True,125.0793348825,1.8457863331,True,125.7336404622,0.9348442554,True,True,True,-0.6543055797,0.5203902291,nils_r
S0020_R05,S0020,15,True,142.8104473283,1.2896311283,True,146.5710826430,0.4389574528,True,True,True,-3.7606353147,2.5657416503,nils_r
S0020_R06,S0020,15,True,112.1085522988,0.9392347336,True,112.1085522988,0.8386321068,True,True,True,0.0000000000,0.0000000000,tie
S0020_R07,S0020,15,True,130.2136686018,1.8807404041,True,131.1134696693,0.8895716667,True,True,True,-0.8998010675,0.6862766044,nils_r
S0020_R08,S0020,15,True,118.6756892480,0.9202721119,True,118.6756892480,1.0875709057,True,True,True,0.0000000000,0.0000000000,tie
S0020_R09,S0020,15,True,83.2156049580,1.6884129047,True,85.0488209376,0.6911952496,True,True,True,-1.8332159796,2.1554866480,nils_r
S0020_R10,S0020,15,True,116.7832854180,2.0697135925,True,116.7834499554,0.4978282452,True,True,True,-0.0001645374,0.0001408910,nils_r
S0021_R01,S0021,15,True,313.8413470213,1.6320922375,True,306.3248908566,0.9393441677,True,True,True,7.5164561647,-2.4537529888,nils
S0021_R02,S0021,15,True,130.9071865379,1.1100730896,True,130.9071865379,0.8790705204,True,True,True,0.0000000000,0.0000000000,tie
S0021_R03,S0021,15,True,142.3498568107,1.4551901817,True,142.3498568107,0.5927367210,True,True,True,0.0000000000,0.0000000000,tie
S0021_R04,S0021,15,True,149.6770352511,0.8290693760,True,149.6770352511,0.8302850723,True,True,True,0.0000000000,0.0000000000,tie
S0021_R05,S0021,15,True,117.4653162372,1.6507973671,True,125.0988050322,0.5167176723,True,True,True,-7.6334887950,6.1019677950,nils_r
S0021_R06,S0021,15,True,113.7291200668,1.0140087605,True,113.7291200668,1.0009489059,True,True,True,0.0000000000,0.0000000000,tie
S0021_R07,S0021,15,True,115.3324209081,1.0240206718,True,115.3324209081,1.1759889126,True,True,True,0.0000000000,0.0000000000,tie
S0021_R08,S0021,15,True,767.8534512177,1.5924966335,True,172.8098817838,1.0145754814,True,True,True,595.0435694339,-344.3342263137,nils
S0021_R09,S0021,15,True,95.7753231659,1.2947390079,True,95.7753231659,0.7343509197,True,True,True,0.0000000000,0.0000000000,tie
S0021_R10,S0021,15,True,107.6111209844,1.0915606022,True,107.6111209844,0.8464391232,True,True,True,0.0000000000,0.0000000000,tie
S0022_R01,S0022,15,True,80.7899461375,2.3066980839,True,81.1363127478,1.0807168484,True,True,True,-0.3463666103,0.4268946894,nils_r
S0022_R02,S0022,15,True,85.1678234630,2.7096290588,True,86.0860733413,0.9359679222,True,True,True,-0.9182498783,1.0666648421,nils_r
S0022_R03,S0022,15,True,118.3994334345,1.1355459690,True,118.3994334345,0.6391797066,True,True,True,0.0000000000,0.0000000000,tie
S0022_R04,S0022,15,True,85.8258859508,2.8066701889,True,86.2051565892,1.2948868275,True,True,True,-0.3792706384,0.4399628206,nils_r
S0022_R05,S0022,15,True,137.0148375756,2.0860185623,True,138.4872012447,0.8382425308,True,True,True,-1.4723636691,1.0631767094,nils_r
S0022_R06,S0022,15,True,111.0938799565,1.1918702126,True,112.2876991878,1.0666558743,True,True,True,-1.1938192313,1.0631789946,nils_r
S0022_R07,S0022,15,True,82.3275578987,1.7803766727,True,82.3275578987,2.2636752129,True,True,True,0.0000000000,0.0000000000,tie
S0022_R08,S0022,15,True,119.9550523736,1.2204463482,True,119.9550523736,1.4124784470,True,True,True,0.0000000000,0.0000000000,tie
S0022_R09,S0022,15,True,119.7620444477,1.4287700653,True,119.7620444477,0.8915300369,True,True,True,0.0000000000,0.0000000000,tie
S0022_R10,S0022,15,True,82.3248191999,2.6238195896,True,84.5211874772,0.8390357494,True,True,True,-2.1963682773,2.5986008276,nils_r
S0023_R01,S0023,15,True,110.5713652084,1.6102182865,True,110.5713652084,1.2044982910,True,True,True,0.0000000000,0.0000000000,tie
S0023_R02,S0023,15,True,100.3542868971,2.4576892853,True,100.8900567280,0.9508781433,True,True,True,-0.5357698309,0.5310432448,nils_r
S0023_R03,S0023,15,True,81.0344740984,0.8075630665,True,100.5068206847,0.4819142818,True,True,True,-19.4723465863,19.3741543645,nils_r
S0023_R04,S0023,15,True,83.4583752602,2.4979655743,True,83.9778408875,1.2452759743,True,True,True,-0.5194656273,0.6185746404,nils_r
S0023_R05,S0023,15,True,5899.7808540721,1.7150373459,True,136.2150266796,2.0614228249,True,True,True,5763.5658273925,-4231.2261487489,nils
S0023_R06,S0023,15,True,104.7341562850,1.7234802246,True,104.7341562850,1.1283123493,True,True,True,0.0000000000,0.0000000000,tie
S0023_R07,S0023,15,True,115.5973862317,1.4155309200,True,115.5973862317,0.8606433868,True,True,True,0.0000000000,0.0000000000,tie
S0023_R08,S0023,15,True,132.4899654383,1.2800750732,True,132.4899654383,1.4130172729,True,True,True,0.0000000000,0.0000000000,tie
S0023_R09,S0023,15,True,57.5798145293,1.5955817699,True,57.5798145293,1.6233189106,True,True,True,0.0000000000,0.0000000000,tie
S0023_R10,S0023,15,True,112.5513940195,1.9512248039,True,118.6670301052,0.6033630371,True,True,True,-6.1156360857,5.1536101310,nils_r
S0024_R01,S0024,50,True,270.4182400301,14.1984038353,True,270.4182400301,10.8438582420,True,True,True,0.0000000000,0.0000000000,tie
S0024_R02,S0024,50,True,471.9647461068,6.7760028839,True,343.8066831853,12.3880994320,True,True,True,128.1580629215,-37.2761988610,nils
S0024_R03,S0024,50,True,419.4082107207,10.1267220974,True,270.1644887624,11.4965245724,True,True,True,149.2437219583,-55.2417982992,nils
S0024_R04,S0024,50,True,367.1585857984,6.2254977226,True,362.9558231576,15.9675941467,True,True,True,4.2027626408,-1.1579267703,nils
S0024_R05,S0024,50,True,296.6024035325,12.2000257969,True,296.6024035325,15.4311063290,True,True,True,0.0000000000,0.0000000000,tie
S0024_R06,S0024,50,True,110.0504276532,7.3329734802,True,110.0504276532,9.1759381294,True,True,True,0.0000000000,0.0000000000,tie
S0024_R07,S0024,50,True,264.0187739156,14.1167523861,True,264.0187739156,13.9778141975,True,True,True,0.0000000000,0.0000000000,tie
S0024_R08,S0024,50,True,260.1876845323,17.9599597454,True,260.1876845323,6.7920069695,True,True,True,0.0000000000,0.0000000000,tie
S0024_R09,S0024,50,True,291.9360173223,7.0556769371,True,291.9360173223,10.4617063999,True,True,True,0.0000000000,0.0000000000,tie
S0024_R10,S0024,50,True,376.2193679077,22.9340977669,True,376.2193679077,9.1826479435,True,True,True,0.0000000000,0.0000000000,tie
S0025_R01,S0025,50,True,332.2846636564,24.2387912273,True,332.2846636564,6.7376959324,True,True,True,0.0000000000,0.0000000000,tie
S0025_R02,S0025,50,True,245.7962407166,15.2823789120,True,245.7962407166,6.2816491127,True,True,True,0.0000000000,0.0000000000,tie
S0025_R03,S0025,50,True,448.0580844173,16.5256178379,True,448.0580844173,5.2378013134,True,True,True,0.0000000000,0.0000000000,tie
S0025_R04,S0025,50,True,293.8217684108,26.4918656349,True,293.8217684108,9.2382950783,True,True,True,0.0000000000,0.0000000000,tie
S0025_R05,S0025,50,True,269.6817735732,24.6367943287,True,269.6817735732,9.6932673454,True,True,True,0.0000000000,0.0000000000,tie
S0025_R06,S0025,50,True,260.9326692809,14.5105590820,True,260.9326692809,16.3684558868,True,True,True,0.0000000000,0.0000000000,tie
S0025_R07,S0025,50,True,525.4487352198,11.0010719299,True,525.4487352198,18.0391941071,True,True,True,0.0000000000,0.0000000000,tie
S0025_R08,S0025,50,True,238.6592294394,27.6259841919,True,238.6592294394,15.8880655766,True,True,True,0.0000000000,0.0000000000,tie
S0025_R09,S0025,50,True,241.9996619231,19.7206835747,True,241.9996619231,10.5542168617,True,True,True,0.0000000000,0.0000000000,tie
S0025_R10,S0025,50,True,325.3361673438,12.3971467018,True,325.3361673438,11.3080821037,True,True,True,0.0000000000,0.0000000000,tie
S0026_R01,S0026,50,True,6691.3039795398,4.0703153610,True,6691.3039795398,2.6506955624,True,True,True,0.0000000000,0.0000000000,tie
S0026_R02,S0026,50,True,17478.3798598805,1.8088073730,True,17557.9923978531,1.4767374992,True,True,True,-79.6125379726,0.4534262014,nils_r
S0026_R03,S0026,50,True,17746.1700806770,6.8653013706,True,26393.2749317827,0.9461114407,True,True,True,-8647.1048511057,32.7625308851,nils_r
S0026_R04,S0026,50,True,46256.1908519220,6.4361259937,True,46257.7034907306,1.4384059906,True,True,True,-1.5126388086,0.0032700257,nils_r
S0026_R05,S0026,50,True,17770.0357170914,4.3358337879,True,22999.7383268531,0.8865799904,True,True,True,-5229.7026097617,22.7380961272,nils_r
S0026_R06,S0026,50,True,21448.7349159526,6.0476500988,True,21450.1806693292,2.0170714855,True,True,True,-1.4457533766,0.0067400522,nils_r
S0026_R07,S0026,50,True,10617.1582613424,2.0308909416,True,10617.1582613424,1.7986962795,True,True,True,0.0000000000,0.0000000000,tie
S0026_R08,S0026,50,True,31506.4613970710,4.4038271904,True,31506.4613970710,2.4304172993,True,True,True,0.0000000000,0.0000000000,tie
S0026_R09,S0026,50,True,11025.0505619840,6.9631614685,True,11631.1459969732,2.1741101742,True,True,True,-606.0954349892,5.2109691955,nils_r
S0026_R10,S0026,50,True,105486.2603501731,7.5894427299,True,52654.1930791479,16.1773855686,True,True,True,52832.0672710252,-100.3378158158,nils
S0027_R01,S0027,50,True,8294.9487287689,6.9861357212,True,7832.5740675309,2.2806110382,True,True,True,462.3746612380,-5.9032274352,nils
S0027_R02,S0027,50,True,2773.5951231412,4.2327258587,True,2774.1144506544,1.4477686882,True,True,True,-0.5193275132,0.0187204790,nils_r
S0027_R03,S0027,50,True,2567.4785384523,6.9521994591,True,2634.9156590708,3.3681273460,True,True,True,-67.4371206185,2.5593654350,nils_r
S0027_R04,S0027,50,True,6291.6745339908,6.8555674553,True,6291.6745339908,2.5032699108,True,True,True,0.0000000000,0.0000000000,tie
S0027_R05,S0027,50,True,5568.7675562052,5.8640992641,True,6363.5654539388,1.7527310848,True,True,True,-794.7978977336,12.4898204236,nils_r
S0027_R06,S0027,50,True,1781.2827066760,3.6451015472,True,1712.7151617211,2.3921878338,True,True,True,68.5675449549,-4.0034412311,nils
S0027_R07,S0027,50,True,2896.8871535096,4.3795745373,True,2896.8871535096,1.4857800007,True,True,True,0.0000000000,0.0000000000,tie
S0027_R08,S0027,50,True,1285.6758283076,8.6666243076,True,1099.8397672740,2.6071460247,True,True,True,185.8360610336,-16.8966486358,nils
S0027_R09,S0027,50,True,6389.7718403199,6.7399172783,True,5178.0281361664,2.0620694160,True,True,True,1211.7437041535,-23.4016438746,nils
S0027_R10,S0027,50,True,5530.0568761235,4.9095869064,True,7687.2258376683,2.2367112637,True,True,True,-2157.1689615448,28.0617352358,nils_r
S0028_R01,S0028,50,True,38797.7300082917,15.6148664951,True,21216.0528345632,7.1702823639,True,True,True,17581.6771737285,-82.8696898091,nils
S0028_R02,S0028,50,True,13203.0102655108,11.5050261021,True,13203.0102655108,18.3517732620,True,True,True,0.0000000000,0.0000000000,tie
S0028_R03,S0028,50,True,43617.1159090656,22.5863623619,True,28321.4222535630,8.6420962811,True,True,True,15295.6936555026,-54.0075054090,nils
S0028_R04,S0028,50,True,18770.3396155823,20.9608030319,True,19445.1493173738,14.5209038258,True,True,True,-674.8097017915,3.4703240936,nils_r
S0028_R05,S0028,50,True,13538.1934142662,11.5962646008,True,13688.4224715721,20.2806432247,True,True,True,-150.2290573059,1.0974899235,nils_r
S0028_R06,S0028,50,True,17257.5481842332,22.1687600613,True,17257.5481842332,12.0869650841,True,True,True,0.0000000000,0.0000000000,tie
S0028_R07,S0028,50,True,48293.7430467599,17.5210304260,True,32400.4773062576,11.4618306160,True,True,True,15893.2657405023,-49.0525666961,nils
S0028_R08,S0028,50,True,4902.4991160021,9.5356335640,True,4902.4991160021,12.7423160076,True,True,True,0.0000000000,0.0000000000,tie
S0028_R09,S0028,50,True,10516.6195440773,15.6778120995,True,7315.9516448093,8.5918173790,True,True,True,3200.6678992680,-43.7491669527,nils
S0028_R10,S0028,50,True,42363.9601116741,15.7814111710,True,42363.9601116741,19.5958416462,True,True,True,0.0000000000,0.0000000000,tie
S0029_R01,S0029,50,True,22868.5259179311,19.1165728569,True,22868.5259179311,21.1531324387,True,True,True,0.0000000000,0.0000000000,tie
S0029_R02,S0029,50,True,24582.2279856406,20.1457207203,True,15981.4365045777,19.2754611969,True,True,True,8600.7914810629,-53.8173866824,nils
S0029_R03,S0029,50,True,53380.0559020563,29.0320641994,True,12474.2070160175,25.6988780499,True,True,True,40905.8488860388,-327.9234410132,nils
S0029_R04,S0029,50,True,26243.2272745816,21.0007047653,True,14261.0156930711,11.1843056679,True,True,True,11982.2115815105,-84.0207446608,nils
S0029_R05,S0029,50,True,38323.6865190059,16.0414285660,True,21889.1537022362,15.5537087917,True,True,True,16434.5328167697,-75.0807136737,nils
S0029_R06,S0029,50,True,20398.0663836475,34.2997961044,True,16577.6115605886,10.3615391254,True,True,True,3820.4548230589,-23.0458700826,nils
S0029_R07,S0029,50,True,55910.0269873038,11.5799329281,True,29236.8168482713,7.0607628822,True,True,True,26673.2101390325,-91.2315806384,nils
S0029_R08,S0029,50,True,75039.6551623367,14.8318116665,True,46204.9899159425,11.3119533062,True,True,True,28834.6652463942,-62.4059550686,nils
S0029_R09,S0029,50,True,18970.7368025055,19.7946891785,True,18970.7368025055,10.9872038364,True,True,True,0.0000000000,0.0000000000,tie
S0029_R10,S0029,50,True,70659.1434891194,20.6231038570,True,36942.9903184738,19.1735804081,True,True,True,33716.1531706456,-91.2653601671,nils
S0030_R01,S0030,50,True,1463.9144600041,6.8834626675,True,2736.3187155436,3.7585096359,True,True,True,-1272.4042555395,46.5005866572,nils_r
S0030_R02,S0030,50,True,5270.4098920002,6.1123113632,True,5281.5605672847,2.9698688984,True,True,True,-11.1506752845,0.2111246315,nils_r
S0030_R03,S0030,50,True,2330.5846580516,9.0567986965,True,1577.6970681520,2.4731454849,True,True,True,752.8875898996,-47.7206686314,nils
S0030_R04,S0030,50,True,3851.7968724865,10.9507448673,True,3908.2092935635,1.3749577999,True,True,True,-56.4124210770,1.4434339832,nils_r
S0030_R05,S0030,50,True,3311.0813485730,7.2332780361,True,3311.0813485730,4.4348433018,True,True,True,0.0000000000,0.0000000000,tie
S0030_R06,S0030,50,True,4846.2284934467,11.7205345631,True,4363.1606810154,1.6005620956,True,True,True,483.0678124313,-11.0715109469,nils
S0030_R07,S0030,50,True,4967.9428862613,6.1696355343,True,1190.7869273995,2.2149946690,True,True,True,3777.1559588618,-317.1983057549,nils
S0030_R08,S0030,50,True,5115.0790936844,4.8412501812,True,5115.0790936844,2.0817613602,True,True,True,0.0000000000,0.0000000000,tie
S0030_R09,S0030,50,True,1296.6407824352,7.9703676701,True,1992.5941400338,0.7104244232,True,True,True,-695.9533575986,34.9270001159,nils_r
S0030_R10,S0030,50,True,7101.3447578875,4.0540583134,True,7101.3447578875,2.0038626194,True,True,True,0.0000000000,0.0000000000,tie
S0031_R01,S0031,50,True,70862.3450184140,1.9419853687,True,71970.0514611346,2.9203279018,True,True,True,-1107.7064427206,1.5391213709,nils_r
S0031_R02,S0031,50,True,92281.3054794689,5.1514914036,True,92281.3054794689,3.5290827751,True,True,True,0.0000000000,0.0000000000,tie
S0031_R03,S0031,50,True,76921.4413373599,8.3592319489,True,105258.6689827253,1.5868589878,True,True,True,-28337.2276453654,26.9215143220,nils_r
S0031_R04,S0031,50,True,54707.1151180936,5.2910261154,True,54707.1151180936,2.3961262703,True,True,True,0.0000000000,0.0000000000,tie
S0031_R05,S0031,50,True,49288.2755260280,10.7670507431,True,49288.2755260280,1.5331401825,True,True,True,0.0000000000,0.0000000000,tie
S0031_R06,S0031,50,True,48075.0597158260,5.2182388306,True,46580.6544535331,2.3959653378,True,True,True,1494.4052622929,-3.2082101032,nils
S0031_R07,S0031,50,True,101149.4745146963,14.3708157539,True,72735.4655625534,11.6319251060,True,True,True,28414.0089521429,-39.0648615945,nils
S0031_R08,S0031,50,True,5937.8773705362,2.6459190845,True,5937.8773705362,3.9723806381,True,True,True,0.0000000000,0.0000000000,tie
S0031_R09,S0031,50,True,37844.5027013633,7.4412045479,True,2588.9593131239,3.4456543922,True,True,True,35255.5433882394,-1361.7650617189,nils
S0031_R10,S0031,50,True,837.9956199550,6.8044874668,True,837.9956199550,1.8589241505,True,True,True,0.0000000000,0.0000000000,tie
S0032_R01,S0032,50,True,186.4694444848,10.2920382023,True,247.2300063385,21.6294274330,True,True,True,-60.7605618537,24.5765320940,nils_r
S0032_R02,S0032,50,True,279.5712779305,12.5096323490,True,279.5712779305,17.9467527866,True,True,True,0.0000000000,0.0000000000,tie
S0032_R03,S0032,50,True,498.5025345021,18.7964496613,True,355.2732133322,6.9278709888,True,True,True,143.2293211699,-40.3152604235,nils
S0032_R04,S0032,50,True,172.3008023365,19.4998052120,True,172.3008023365,15.2243695259,True,True,True,0.0000000000,0.0000000000,tie
S0032_R05,S0032,50,True,334.3802948178,8.0482881069,True,194.6620560142,5.6835663319,True,True,True,139.7182388036,-71.7747678538,nils
S0032_R06,S0032,50,True,231.9563597123,15.9252426624,True,231.9563597123,10.5875399113,True,True,True,0.0000000000,0.0000000000,tie
S0032_R07,S0032,50,True,257.4005521313,18.1067872047,True,257.4005521313,13.7689347267,True,True,True,0.0000000000,0.0000000000,tie
S0032_R08,S0032,50,True,252.1356178689,18.5258131027,True,252.1356178689,8.5282952785,True,True,True,0.0000000000,0.0000000000,tie
S0032_R09,S0032,50,True,322.1433453643,13.8719549179,True,240.4166794836,10.5003263950,True,True,True,81.7266658807,-33.9937586927,nils
S0032_R10,S0032,50,True,252.6340531994,17.2950878143,True,169.9479572244,7.7387914658,True,True,True,82.6860959750,-48.6537745587,nils
S0033_R01,S0033,50,True,4300.6319532208,26.0897316933,True,3568.8849814481,7.7208013535,True,True,True,731.7469717727,-20.5035179216,nils
S0033_R02,S0033,50,True,48160.5822728073,13.5900871754,True,18718.7393006209,12.4349479675,True,True,True,29441.8429721864,-157.2853945950,nils
S0033_R03,S0033,50,True,19186.7402140425,21.9344558716,True,7809.6878291618,11.1733310223,True,True,True,11377.0523848807,-145.6787087238,nils
S0033_R04,S0033,50,True,13003.0569354866,14.2798080444,True,4145.1809754936,14.3606314659,True,True,True,8857.8759599930,-213.6909344215,nils
S0033_R05,S0033,50,True,2523.0723284609,28.2492911816,True,2212.4972619964,11.7955753803,True,True,True,310.5750664645,-14.0373085110,nils
S0033_R06,S0033,50,True,17449.9930357191,11.2159907818,True,8940.7454667506,13.0878872871,True,True,True,8509.2475689685,-95.1738040258,nils
S0033_R07,S0033,50,True,6402.6654694008,14.4521782398,True,2687.1344441706,5.8566854000,True,True,True,3715.5310252302,-138.2711249633,nils
S0033_R08,S0033,50,True,19470.8911413699,22.7353053093,True,15417.5441967308,10.2152664661,True,True,True,4053.3469446391,-26.2904837043,nils
S0033_R09,S0033,50,True,36866.0149297927,13.7669057846,True,13508.7405883218,11.7418537140,True,True,True,23357.2743414709,-172.9048995260,nils
S0033_R10,S0033,50,True,12459.5051439469,14.6989750862,True,5128.6141528280,11.7708992958,True,True,True,7330.8909911189,-142.9409733832,nils
S0034_R01,S0034,50,True,28614.6394033321,2.3903441429,True,42038.8825209141,1.6149706841,True,True,True,-13424.2431175820,31.9329209355,nils_r
S0034_R02,S0034,50,True,100057.5905628993,3.0391316414,True,100057.7328675560,1.1879398823,True,True,True,-0.1423046567,0.0001422225,nils_r
S0034_R03,S0034,50,True,29977.1450075357,6.6642749310,True,29556.7888242138,2.0423851013,True,True,True,420.3561833219,-1.4221984189,nils
S0034_R04,S0034,50,True,64507.3009256811,9.6590433121,True,64507.3009256811,3.1001842022,True,True,True,0.0000000000,0.0000000000,tie
S0034_R05,S0034,50,True,32592.2616559415,2.2532949448,True,32592.2616559415,3.5227913857,True,True,True,0.0000000000,0.0000000000,tie
S0034_R06,S0034,50,True,75898.5702278498,4.4362728596,True,75898.5702278498,1.3997228146,True,True,True,0.0000000000,0.0000000000,tie
S0034_R07,S0034,50,True,33378.0776961763,1.7277534008,True,31080.5363131277,0.8129768372,True,True,True,2297.5413830486,-7.3922192330,nils
S0034_R08,S0034,50,True,42083.3373147368,5.7094335556,True,44488.2162394281,1.3785340786,True,True,True,-2404.8789246913,5.4056537393,nils_r
S0034_R09,S0034,50,True,25438.7616626324,4.0585784912,True,47399.1644241139,2.3578641415,True,True,True,-21960.4027614815,46.3307803593,nils_r
S0034_R10,S0034,50,True,30632.6815617337,5.5851378441,True,30632.6815617337,1.4288687706,True,True,True,0.0000000000,0.0000000000,tie
S0035_R01,S0035,50,True,422.4176691594,13.7088127136,True,422.4176691594,12.3567743301,True,True,True,0.0000000000,0.0000000000,tie
S0035_R02,S0035,50,True,205.4604994467,23.3205311298,True,205.4604994467,12.2659986019,True,True,True,0.0000000000,0.0000000000,tie
S0035_R03,S0035,50,True,231.9456732497,10.3372757435,True,231.9456732497,3.8950202465,True,True,True,0.0000000000,0.0000000000,tie
S0035_R04,S0035,50,True,195.6389942976,11.9171507359,True,195.6389942976,6.1809496880,True,True,True,0.0000000000,0.0000000000,tie
S0035_R05,S0035,50,True,234.3514436105,7.0432665348,True,246.2825919094,7.0746288300,True,True,True,-11.9311482989,4.8444951819,nils_r
S0035_R06,S0035,50,True,192.3667257342,15.9932811260,True,241.3449366563,7.7417366505,True,True,True,-48.9782109221,20.2938630496,nils_r
S0035_R07,S0035,50,True,277.0890687390,10.0815923214,True,242.5377827307,10.0543038845,True,True,True,34.5512860083,-14.2457334355,nils
S0035_R08,S0035,50,True,217.9799776704,23.3513035774,True,217.9799776704,7.3411126137,True,True,True,0.0000000000,0.0000000000,tie
S0035_R09,S0035,50,True,250.2312309594,21.0502376556,True,250.2312309594,9.5302691460,True,True,True,0.0000000000,0.0000000000,tie
S0035_R10,S0035,50,True,268.5406236308,16.9998612404,True,268.5406236308,9.8928668499,True,True,True,0.0000000000,0.0000000000,tie
S0036_R01,S0036,50,True,40831.1932632442,8.4988675117,True,40831.1932632442,2.3861505985,True,True,True,0.0000000000,0.0000000000,tie
S0036_R02,S0036,50,True,16767.5672436927,7.0999500751,True,17511.9985675511,0.9987013340,True,True,True,-744.4313238584,4.2509786703,nils_r
S0036_R03,S0036,50,True,56985.9196451161,14.6911540031,True,67707.6141150716,8.6690208912,True,True,True,-10721.6944699555,15.8352861936,nils_r
S0036_R04,S0036,50,True,53813.7047767081,3.5668668747,True,56419.9574805925,1.1538724899,True,True,True,-2606.2527038844,4.6193808366,nils_r
S0036_R05,S0036,50,True,126817.9977306252,6.1087334156,True,97821.4343421272,1.1923735142,True,True,True,28996.5633884980,-29.6423412553,nils
S0036_R06,S0036,50,True,48535.3018320698,4.6945762634,True,38807.7053080323,1.8986685276,True,True,True,9727.5965240375,-25.0661471654,nils
S0036_R07,S0036,50,True,83079.6863936575,8.4524633884,True,83079.6863936575,6.7801542282,True,True,True,0.0000000000,0.0000000000,tie
S0036_R08,S0036,50,True,39133.7139400235,2.1065022945,True,39133.7139400235,1.3685610294,True,True,True,0.0000000000,0.0000000000,tie
S0036_R09,S0036,50,True,35679.9013750437,8.8667647839,True,35679.9013750437,1.3764102459,True,True,True,0.0000000000,0.0000000000,tie
S0036_R10,S0036,50,True,58447.4133733468,11.8346829414,True,26929.7546728642,1.5454890728,True,True,True,31517.6587004826,-117.0365607981,nils
S0037_R01,S0037,50,True,1573.7337110026,11.9233477116,True,1090.0033998078,3.4809837341,True,True,True,483.7303111948,-44.3787892111,nils
S0037_R02,S0037,50,True,1014.6280667723,14.0757205486,True,1014.6280667723,6.2658941746,True,True,True,0.0000000000,0.0000000000,tie
S0037_R03,S0037,50,True,20772.6870133877,14.2774708271,True,20772.8957707826,6.3993525505,True,True,True,-0.2087573949,0.0010049509,nils_r
S0037_R04,S0037,50,True,20426.0600354563,11.6646687984,True,25112.7991667107,6.3110322952,True,True,True,-4686.7391312544,18.6627508154,nils_r
S0037_R05,S0037,50,True,12456.1780828088,8.9645130634,True,10746.5907155006,5.4929609299,True,True,True,1709.5873673082,-15.9081834655,nils
S0037_R06,S0037,50,True,3764.1019309874,14.7450330257,True,4177.1024858924,5.1330475807,True,True,True,-413.0005549050,9.8872497455,nils_r
S0037_R07,S0037,50,True,8447.5547565439,16.0282373428,True,8556.9973596092,6.1364312172,True,True,True,-109.4426030653,1.2789837190,nils_r
S0037_R08,S0037,50,True,6396.8131150127,9.7997941971,True,9038.7303713809,5.6062366962,True,True,True,-2641.9172563682,29.2288534763,nils_r
S0037_R09,S0037,50,True,11726.5240289837,8.1196789742,True,11726.5240289837,3.2196259499,True,True,True,0.0000000000,0.0000000000,tie
S0037_R10,S0037,50,True,292.9951192481,8.3157856464,True,294.5577415752,6.1336174011,True,True,True,-1.5626223271,0.5304977960,nils_r
S0038_R01,S0038,50,True,9151.1121642350,5.8846344948,True,8535.3765334040,2.8008525372,True,True,True,615.7356308310,-7.2139246397,nils
S0038_R02,S0038,50,True,26866.4710003121,8.3895204067,True,26866.4710003121,1.7044084072,True,True,True,0.0000000000,0.0000000000,tie
S0038_R03,S0038,50,True,4080.9719383131,3.0807337761,True,3877.5102689406,1.8286094666,True,True,True,203.4616693725,-5.2472245142,nils
S0038_R04,S0038,50,True,8478.2547908230,6.7899711132,True,8478.2547908230,1.4477093220,True,True,True,0.0000000000,0.0000000000,tie
S0038_R05,S0038,50,True,7522.2814760378,4.0216166973,True,8195.9644283723,2.2662475109,True,True,True,-673.6829523345,8.2196910226,nils_r
S0038_R06,S0038,50,True,7361.3812255671,2.2573423386,True,3228.3838082831,3.0938518047,True,True,True,4132.9974172840,-128.0206339370,nils
S0038_R07,S0038,50,True,14649.8151696908,4.4464499950,True,16410.7053542213,4.5727109909,True,True,True,-1760.8901845305,10.7301310122,nils_r
S0038_R08,S0038,50,True,19486.7261154056,2.4528486729,True,19486.7261154056,3.5603308678,True,True,True,0.0000000000,0.0000000000,tie
S0038_R09,S0038,50,True,16193.0512239570,5.7466821671,True,16193.0512239570,6.0899024010,True,True,True,0.0000000000,0.0000000000,tie
S0038_R10,S0038,50,True,20861.4716318904,8.9084622860,True,22822.8768134347,3.7143676281,True,True,True,-1961.4051815443,8.5940313203,nils_r
S0039_R01,S0039,50,True,3079.1901929680,5.0050911903,True,3079.1901929680,3.5177886486,True,True,True,0.0000000000,0.0000000000,tie
S0039_R02,S0039,50,True,2044.7858442495,8.8136615753,True,3492.9141674826,1.5605897903,True,True,True,-1448.1283232331,41.4590297327,nils_r
S0039_R03,S0039,50,True,3901.5127411743,10.2088055611,True,3901.5127411743,4.2413427830,True,True,True,0.0000000000,0.0000000000,tie
S0039_R04,S0039,50,True,3478.8834804926,9.3539464474,True,4556.6802819710,3.4836900234,True,True,True,-1077.7968014784,23.6531144338,nils_r
S0039_R05,S0039,50,True,8453.9979496907,6.6831359863,True,5666.9291136101,5.2613737583,True,True,True,2787.0688360806,-49.1812899051,nils
S0039_R06,S0039,50,True,1564.0409109429,11.6950511932,True,1564.0409109429,6.9334630966,True,True,True,0.0000000000,0.0000000000,tie
S0039_R07,S0039,50,True,1645.8100154027,5.8059077263,True,1645.8100154027,3.8334729671,True,True,True,0.0000000000,0.0000000000,tie
S0039_R08,S0039,50,True,1581.0507296090,8.5917789936,True,3570.2182317673,3.5070505142,True,True,True,-1989.1675021583,55.7155717950,nils_r
S0039_R09,S0039,50,True,5432.7634655865,27.1017911434,True,6765.8760506641,9.7564234734,True,True,True,-1333.1125850776,19.7034733580,nils_r
S0039_R10,S0039,50,True,3583.8246101729,11.8798024654,True,1348.3465934404,1.9971735477,True,True,True,2235.4780167325,-165.7940196985,nils
S0040_R01,S0040,50,True,4858.7307146451,15.7760119438,True,9875.9086432932,2.8779249191,True,True,True,-5017.1779286481,50.8021905615,nils_r
S0040_R02,S0040,50,True,9856.4384540806,9.7226059437,True,19917.6695961670,1.3746559620,True,True,True,-10061.2311420864,50.5140980149,nils_r
S0040_R03,S0040,50,True,3961.5117853429,19.0313630104,True,6865.0353328328,6.5276641846,True,True,True,-2903.5235474899,42.2943715031,nils_r
S0040_R04,S0040,50,True,4431.9831884126,14.8364734650,True,6399.1001954461,8.0386643410,True,True,True,-1967.1170070335,30.7405251825,nils_r
S0040_R05,S0040,50,True,3041.9842334624,12.6602571011,True,3041.9842334624,2.5934340954,True,True,True,0.0000000000,0.0000000000,tie
S0040_R06,S0040,50,True,17270.4009453016,7.8196539879,True,20333.9130531822,4.5035548210,True,True,True,-3063.5121078806,15.0660234450,nils_r
S0040_R07,S0040,50,True,23189.9142425492,6.7520403862,True,23189.9142425492,3.3595895767,True,True,True,0.0000000000,0.0000000000,tie
S0040_R08,S0040,50,True,2232.6161474840,10.8323304653,True,2101.4968147269,2.0076930523,True,True,True,131.1193327571,-6.2393305495,nils
S0040_R09,S0040,50,True,24689.9438309350,10.6446261406,True,25305.8198968012,4.3416371346,True,True,True,-615.8760658662,2.4337329056,nils_r
S0040_R10,S0040,50,True,31266.5588344806,10.2880742550,True,31266.5588344806,4.3147008419,True,True,True,0.0000000000,0.0000000000,tie
S0041_R01,S0041,50,True,827.3774126499,16.6747007370,True,827.3774126499,22.9532995224,True,True,True,0.0000000000,0.0000000000,tie
S0041_R02,S0041,50,True,2540.3303123419,9.7357218266,True,2540.3303123419,17.5537245274,True,True,True,0.0000000000,0.0000000000,tie
S0041_R03,S0041,50,True,66.7954925032,14.4920210838,True,66.7954925032,24.3154971600,True,True,True,0.0000000000,0.0000000000,tie
S0041_R04,S0041,50,True,62.1233288752,23.0208883286,True,62.1233288752,9.0755546093,True,True,True,0.0000000000,0.0000000000,tie
S0041_R05,S0041,50,True,91.4088359137,10.4981002808,True,91.4088359137,22.6526336670,True,True,True,0.0000000000,0.0000000000,tie
S0041_R06,S0041,50,True,60.6789717703,23.2609531879,True,60.6789717703,11.4272515774,True,True,True,0.0000000000,0.0000000000,tie
S0041_R07,S0041,50,True,67.4327837188,25.4117426872,True,67.4327837188,17.9647209644,True,True,True,0.0000000000,0.0000000000,tie
S0041_R08,S0041,50,True,107.1626348418,14.9099926949,True,107.1626348418,12.9544291496,True,True,True,0.0000000000,0.0000000000,tie
S0041_R09,S0041,50,True,1581.0444632182,10.9004464149,True,1581.0444632182,22.8075592518,True,True,True,0.0000000000,0.0000000000,tie
S0041_R10,S0041,50,True,105.1828060700,24.1198573112,True,105.1828060700,14.8204224110,True,True,True,0.0000000000,0.0000000000,tie
S0042_R01,S0042,50,True,5352.1180816121,20.5894269943,True,5352.1180816121,23.3209660053,True,True,True,0.0000000000,0.0000000000,tie
S0042_R02,S0042,50,True,64.4074673278,22.7061409950,True,64.4074673278,12.7003235817,True,True,True,0.0000000000,0.0000000000,tie
S0042_R03,S0042,50,True,66.9850769929,18.2988185883,True,66.9850769929,11.2111711502,True,True,True,0.0000000000,0.0000000000,tie
S0042_R04,S0042,50,True,9923.8715826386,18.5461351871,True,9923.8715826386,16.6948649883,True,True,True,0.0000000000,0.0000000000,tie
S0042_R05,S0042,50,True,76.6970485774,12.4146778584,True,76.6970485774,21.9660189152,True,True,True,0.0000000000,0.0000000000,tie
S0042_R06,S0042,50,True,110.0867979288,19.2981421947,True,110.0867979288,14.9812145233,True,True,True,0.0000000000,0.0000000000,tie
S0042_R07,S0042,50,True,69.3123563444,17.1286876202,True,69.3123563444,7.8074553013,True,True,True,0.0000000000,0.0000000000,tie
S0042_R08,S0042,50,True,105.1578330720,13.2969434261,True,105.1578330720,26.3063521385,True,True,True,0.0000000000,0.0000000000,tie
S0042_R09,S0042,50,True,2539.5740225062,13.7167477608,True,2539.5740225062,20.7892169952,True,True,True,0.0000000000,0.0000000000,tie
S0042_R10,S0042,50,True,71.3054786825,19.6256630421,True,71.3054786825,13.9069902897,True,True,True,0.0000000000,0.0000000000,tie
S0043_R01,S0043,50,True,1149.8577570182,19.6694271564,True,1149.8577570182,12.5059487820,True,True,True,0.0000000000,0.0000000000,tie
S0043_R02,S0043,50,True,242.8243464639,24.7412400246,True,242.8243464639,10.8428885937,True,True,True,0.0000000000,0.0000000000,tie
S0043_R03,S0043,50,True,63.3629350750,19.2823085785,True,63.3629350750,19.4232041836,True,True,True,0.0000000000,0.0000000000,tie
S0043_R04,S0043,50,True,779.4833613149,18.7313549519,True,779.4833613149,16.8338673115,True,True,True,0.0000000000,0.0000000000,tie
S0043_R05,S0043,50,True,65.3492191138,18.6319611073,True,65.3492191138,14.4219908714,True,True,True,0.0000000000,0.0000000000,tie
S0043_R06,S0043,50,True,94.6834642665,10.3694429398,True,94.6834642665,11.9831795692,True,True,True,0.0000000000,0.0000000000,tie
S0043_R07,S0043,50,True,72.6246481602,22.7525281906,True,72.6246481602,12.3360955715,True,True,True,0.0000000000,0.0000000000,tie
S0043_R08,S0043,50,True,65.2214377191,24.2562000751,True,65.2214377191,14.0366632938,True,True,True,0.0000000000,0.0000000000,tie
S0043_R09,S0043,50,True,66.0956789931,13.6446952820,True,66.0956789931,11.0355248451,True,True,True,0.0000000000,0.0000000000,tie
S0043_R10,S0043,50,True,551.2762347431,10.1551487446,True,551.2762347431,15.1979482174,True,True,True,0.0000000000,0.0000000000,tie
S0044_R01,S0044,50,True,233.1424123026,6.0747368336,True,241.0232744335,4.2834732533,True,True,True,-7.8808621309,3.2697514999,nils_r
S0044_R02,S0044,50,True,263.1733620816,6.1442565918,True,263.1733620816,1.9603981972,True,True,True,0.0000000000,0.0000000000,tie
S0044_R03,S0044,50,True,227.6475397592,7.6123299599,True,227.6475397592,3.6017038822,True,True,True,0.0000000000,0.0000000000,tie
S0044_R04,S0044,50,True,289.2342684245,8.6509160995,True,291.3803392994,2.5168323517,True,True,True,-2.1460708749,0.7365187645,nils_r
S0044_R05,S0044,50,True,447.2453840908,10.1094405651,True,516.6071154470,12.5635631084,True,True,True,-69.3617313562,13.4263987627,nils_r
S0044_R06,S0044,50,True,202.8344514046,8.2728414536,True,205.9183553561,3.9742267132,True,True,True,-3.0839039515,1.4976343154,nils_r
S0044_R07,S0044,50,True,211.3351412155,6.4142925739,True,211.3351412155,4.2003660202,True,True,True,0.0000000000,0.0000000000,tie
S0044_R08,S0044,50,True,228.5426530080,4.9571135044,True,228.5426530080,2.6469585896,True,True,True,0.0000000000,0.0000000000,tie
S0044_R09,S0044,50,True,182.0849221916,4.7013795376,True,182.0849221916,3.3153474331,True,True,True,0.0000000000,0.0000000000,tie
S0044_R10,S0044,50,True,193.8742900960,5.8110661507,True,193.8742900960,2.5797712803,True,True,True,0.0000000000,0.0000000000,tie
S0045_R01,S0045,75,True,158219.3077012668,22.9542696476,True,158219.3077012668,18.4359827042,True,True,True,0.0000000000,0.0000000000,tie
S0045_R02,S0045,75,True,152471.6657981359,22.7253246307,True,105295.6588246662,17.3214447498,True,True,True,47176.0069734697,-44.8033731875,nils
S0045_R03,S0045,75,True,132355.9004137416,27.6908037663,True,67391.0040696316,16.1886436939,True,True,True,64964.8963441100,-96.3999531406,nils
S0045_R04,S0045,75,True,201590.6419488622,34.0088775158,True,164215.1463114443,23.3532016277,True,True,True,37375.4956374179,-22.7600781517,nils
S0045_R05,S0045,75,True,187187.2747731857,25.2969198227,True,120331.2950369313,14.4787645340,True,True,True,66855.9797362544,-55.5599270462,nils
S0045_R06,S0045,75,True,52865.6850694074,10.8385684490,True,52868.0666180677,3.6921241283,True,True,True,-2.3815486603,0.0045047016,nils_r
S0045_R07,S0045,75,True,270319.5466831313,17.0336940289,True,186057.6154919408,16.5172865391,True,True,True,84261.9311911905,-45.2880850743,nils
S0045_R08,S0045,75,True,186840.1651528531,14.6067590714,True,108326.8606581676,14.2631597519,True,True,True,78513.3044946855,-72.4781499414,nils
S0045_R09,S0045,75,True,74496.6338455810,11.4638669491,True,100582.8112091377,3.9116234779,True,True,True,-26086.1773635567,25.9350251300,nils_r
S0045_R10,S0045,75,True,164312.8659053635,33.1069467068,True,129692.9572327300,15.7362792492,True,True,True,34619.9086726335,-26.6937460687,nils
S0046_R01,S0046,75,True,11920.6832293850,9.8762314320,True,17745.2680382559,8.5595085621,True,True,True,-5824.5848088709,32.8233126505,nils_r
S0046_R02,S0046,75,True,15918.3065764949,14.7820208073,True,15918.3065764949,9.4239077568,True,True,True,0.0000000000,0.0000000000,tie
S0046_R03,S0046,75,True,9692.6449442784,10.4902482033,True,10788.4704238768,8.4791295528,True,True,True,-1095.8254795984,10.1573757590,nils_r
S0046_R04,S0046,75,True,17712.5520928929,14.0903332233,True,17348.7834236171,2.4847705364,True,True,True,363.7686692758,-2.0967964173,nils
S0046_R05,S0046,75,True,48861.1270452387,23.4596028328,True,39554.6466626758,29.7409842014,True,True,True,9306.4803825629,-23.5281595660,nils
S0046_R06,S0046,75,True,25994.4467789148,28.8220996857,True,24463.7037442150,27.4324655533,True,True,True,1530.7430346998,-6.2572006704,nils
S0046_R07,S0046,75,True,24045.6886734708,39.9567918777,True,22175.8727981399,25.4617333412,True,True,True,1869.8158753309,-8.4317577592,nils
S0046_R08,S0046,75,True,46624.5001089246,21.5325024128,True,35684.6226319835,31.1424252987,True,True,True,10939.8774769411,-30.6571197061,nils
S0046_R09,S0046,75,True,34760.7888572124,38.3112440109,True,35326.9717105228,37.6470243931,True,True,True,-566.1828533104,1.6026928601,nils_r
S0046_R10,S0046,75,True,38907.4415818135,44.8788182735,True,33581.5660451115,30.7403783798,True,True,True,5325.8755367020,-15.8595210526,nils
S0047_R01,S0047,75,True,7468.7142275650,18.1018598080,True,7499.6256209915,13.1815245152,True,True,True,-30.9113934265,0.4121724869,nils_r
S0047_R02,S0047,75,True,4577.1790230986,13.3744993210,True,4587.4544189531,10.2080769539,True,True,True,-10.2753958545,0.2239890562,nils_r
S0047_R03,S0047,75,True,19593.9496583808,45.6777803898,True,18437.1858797553,24.3987786770,True,True,True,1156.7637786255,-6.2740799283,nils
S0047_R04,S0047,75,True,13066.3910017414,9.1247229576,True,13269.8642724967,8.2506859303,True,True,True,-203.4732707553,1.5333485451,nils_r
S0047_R05,S0047,75,True,24440.6724396013,34.0910954475,True,22769.9682422067,20.0235247612,True,True,True,1670.7041973946,-7.3373145699,nils
S0047_R06,S0047,75,True,23890.0051635446,59.6004786491,True,31121.3215366465,37.9725444317,True,True,True,-7231.3163731019,23.2358910742,nils_r
S0047_R07,S0047,75,True,20482.5925260835,52.1899733543,True,19926.4131165703,29.1797075272,True,True,True,556.1794095132,-2.7911667105,nils
S0047_R08,S0047,75,True,15388.5598352545,12.2605221272,True,16050.4989400420,9.3712887764,True,True,True,-661.9391047875,4.1241029781,nils_r
S0047_R09,S0047,75,True,11580.2129927467,11.4582190514,True,11580.2129927467,5.6232845783,True,True,True,0.0000000000,0.0000000000,tie
S0047_R10,S0047,75,True,12429.6621108586,14.0426414013,True,12566.9618346055,12.4009487629,True,True,True,-137.2997237469,1.0925450841,nils_r
S0048_R01,S0048,75,True,2947.4476744233,44.0244109631,True,2242.4676431920,28.3859593868,True,True,True,704.9800312313,-31.4376902325,nils
S0048_R02,S0048,75,True,756.4340744521,18.3866729736,True,762.6478698454,5.7702150345,True,True,True,-6.2137953933,0.8147659803,nils_r
S0048_R03,S0048,75,True,1080.3795442548,4.1839628220,True,1080.3795442548,5.8310339451,True,True,True,0.0000000000,0.0000000000,tie
S0048_R04,S0048,75,True,432.5177525865,25.7822101116,True,432.5177525865,10.6881499290,True,True,True,0.0000000000,0.0000000000,tie
S0048_R05,S0048,75,True,2224.1363104147,47.5155107975,True,2123.7693216710,41.3235077858,True,True,True,100.3669887437,-4.7258893760,nils
S0048_R06,S0048,75,True,1120.5290110163,10.2477052212,True,1120.5290110163,9.2262947559,True,True,True,0.0000000000,0.0000000000,tie
S0048_R07,S0048,75,True,1584.3142126171,24.5946428776,True,1584.3142126171,11.4595112801,True,True,True,0.0000000000,0.0000000000,tie
S0048_R08,S0048,75,True,2911.4693252159,51.2892973423,True,2702.8615592513,34.1175506115,True,True,True,208.6077659646,-7.7180336984,nils
S0048_R09,S0048,75,True,851.7832676091,3.5358064175,True,851.7832676091,6.4114499092,True,True,True,0.0000000000,0.0000000000,tie
S0048_R10,S0048,75,True,2794.6990326166,57.0570089817,True,2162.2931667513,20.1902191639,True,True,True,632.4058658653,-29.2469992316,nils
S0049_R01,S0049,75,True,268115.5085137515,44.9575119019,True,224558.7267733993,33.4001419544,True,True,True,43556.7817403522,-19.3966105732,nils
S0049_R02,S0049,75,True,55822.6173332408,8.2910151482,True,55822.6173332408,15.4565436840,True,True,True,0.0000000000,0.0000000000,tie
S0049_R03,S0049,75,True,271548.3752091392,54.2420487404,True,232471.0774712305,33.6188075542,True,True,True,39077.2977379087,-16.8095309589,nils
S0049_R04,S0049,75,True,67038.5424562794,19.7992818356,True,68375.9171540367,4.6902630329,True,True,True,-1337.3746977573,1.9559148212,nils_r
S0049_R05,S0049,75,True,93899.2077239410,24.5732302666,True,93902.5200687593,5.3334758282,True,True,True,-3.3123448183,0.0035274291,nils_r
S0049_R06,S0049,75,True,331016.5589053232,38.4708759785,True,229995.6798471643,19.4391772747,True,True,True,101020.8790581589,-43.9229463463,nils
S0049_R07,S0049,75,True,224744.6283926551,48.2059240341,True,191875.5091220180,25.0705256462,True,True,True,32869.1192706371,-17.1304401594,nils
S0049_R08,S0049,75,True,83167.5537684544,18.4697463512,True,83167.5537684544,12.2571177483,True,True,True,0.0000000000,0.0000000000,tie
S0049_R09,S0049,75,True,43880.9948262879,12.5693080425,True,43880.9948262879,6.9928534031,True,True,True,0.0000000000,0.0000000000,tie
S0049_R10,S0049,75,True,142536.3410443260,21.8648724556,True,161663.5656935889,10.7930459976,True,True,True,-19127.2246492629,11.8314999222,nils_r
S0050_R01,S0050,75,True,18354.8206675588,20.2756357193,True,31093.7695350435,5.7688448429,True,True,True,-12738.9488674847,40.9694580553,nils_r
S0050_R02,S0050,75,True,121024.3238268598,55.3090958595,True,130032.0513091970,21.9755003452,True,True,True,-9007.7274823372,6.9273132214,nils_r
S0050_R03,S0050,75,True,10794.0587043300,16.5968244076,True,10796.3349415047,8.1780526638,True,True,True,-2.2762371747,0.0210834249,nils_r
S0050_R04,S0050,75,True,50422.6832902408,21.9484395981,True,53117.3129734545,8.4264707565,True,True,True,-2694.6296832137,5.0729781541,nils_r
S0050_R05,S0050,75,True,83072.8827864872,31.4485237598,True,84526.4829518199,30.3845481873,True,True,True,-1453.6001653327,1.7196979155,nils_r
S0050_R06,S0050,75,True,2062.4377864964,4.7651042938,True,2062.4377864964,5.1561896801,True,True,True,0.0000000000,0.0000000000,tie
S0050_R07,S0050,75,True,61494.7498817492,23.1710944176,True,65647.4679009548,7.6380178928,True,True,True,-4152.7180192056,6.3257855207,nils_r
S0050_R08,S0050,75,True,53208.2237335638,16.7092320919,True,45936.0082706422,9.6935174465,True,True,True,7272.2154629216,-15.8311872030,nils
S0050_R09,S0050,75,True,26639.9450968991,28.1746149063,True,27048.7540424450,3.0096578598,True,True,True,-408.8089455459,1.5113781023,nils_r
S0050_R10,S0050,75,True,116085.1583698152,23.5197312832,True,84704.8918723783,20.7793779373,True,True,True,31380.2664974369,-37.0465811405,nils
S0051_R01,S0051,75,True,760.8854482854,33.3212258816,True,761.0219862719,9.4333162308,True,True,True,-0.1365379865,0.0179413984,nils_r
S0051_R02,S0051,75,True,615.9585003486,21.6598591805,True,621.4711950989,7.5305988789,True,True,True,-5.5126947503,0.8870394628,nils_r
S0051_R03,S0051,75,True,487.8754326656,15.2234303951,True,487.8754326656,4.2344906330,True,True,True,0.0000000000,0.0000000000,tie
S0051_R04,S0051,75,True,370.5046637952,23.8382530212,True,372.9002349157,6.7101633549,True,True,True,-2.3955711205,0.6424160932,nils_r
S0051_R05,S0051,75,True,364.4682474409,19.5111422539,True,365.6077832940,5.5403215885,True,True,True,-1.1395358531,0.3116826023,nils_r
S0051_R06,S0051,75,True,470.9052209120,12.1984021664,True,485.6381899624,10.0642025471,True,True,True,-14.7329690504,3.0337336220,nils_r
S0051_R07,S0051,75,True,706.3537150899,13.1472127438,True,893.6491686761,8.2984669209,True,True,True,-187.2954535862,20.9584991685,nils_r
S0051_R08,S0051,75,True,1553.0558485655,26.7820515633,True,1645.9788365460,20.9776756763,True,True,True,-92.9229879805,5.6454546023,nils_r
S0051_R09,S0051,75,True,576.9982358748,18.2953372002,True,679.5103028248,6.8606662750,True,True,True,-102.5120669500,15.0861681602,nils_r
S0051_R10,S0051,75,True,976.3322458029,16.3387634754,True,976.3322458029,4.1167678833,True,True,True,0.0000000000,0.0000000000,tie
S0052_R01,S0052,75,True,476.6548561113,19.2955040932,True,476.6548561113,21.6527974606,True,True,True,0.0000000000,0.0000000000,tie
S0052_R02,S0052,75,True,911.6177429316,31.0668954849,True,911.6177429316,22.4955568314,True,True,True,0.0000000000,0.0000000000,tie
S0052_R03,S0052,75,True,301.8266356234,7.7098317146,True,301.8266356234,10.4209668636,True,True,True,0.0000000000,0.0000000000,tie
S0052_R04,S0052,75,True,312.2548840789,9.6777644157,True,312.2548840789,9.2964494228,True,True,True,0.0000000000,0.0000000000,tie
S0052_R05,S0052,75,True,466.3330740017,11.7350168228,True,466.3330740017,16.2201633453,True,True,True,0.0000000000,0.0000000000,tie
S0052_R06,S0052,75,True,298.5818928642,9.7419383526,True,298.5818928642,8.7479569912,True,True,True,0.0000000000,0.0000000000,tie
S0052_R07,S0052,75,True,529.6601403796,8.1618821621,True,529.6601403796,6.7957735062,True,True,True,0.0000000000,0.0000000000,tie
S0052_R08,S0052,75,True,721.4019808034,22.0559132099,True,721.4019808034,21.6914930344,True,True,True,0.0000000000,0.0000000000,tie
S0052_R09,S0052,75,True,288.7433490044,9.5900292397,True,288.7433490044,8.7408990860,True,True,True,0.0000000000,0.0000000000,tie
S0052_R10,S0052,75,True,268.2897265809,10.1519036293,True,268.2897265809,9.8482537270,True,True,True,0.0000000000,0.0000000000,tie
S0053_R01,S0053,75,True,1547.5169314723,12.6294529438,True,1547.5169314723,9.6855854988,True,True,True,0.0000000000,0.0000000000,tie
S0053_R02,S0053,75,True,9843.2577795905,30.3890109062,True,9843.2577795905,26.7876813412,True,True,True,0.0000000000,0.0000000000,tie
S0053_R03,S0053,75,True,395.1160158395,12.1380000114,True,395.1160158395,6.8157327175,True,True,True,0.0000000000,0.0000000000,tie
S0053_R04,S0053,75,True,464.3722907094,8.5324327946,True,464.3722907094,7.5150411129,True,True,True,0.0000000000,0.0000000000,tie
S0053_R05,S0053,75,True,6016.8344157260,27.2676665783,True,6016.8344157260,21.4585185051,True,True,True,0.0000000000,0.0000000000,tie
S0053_R06,S0053,75,True,4937.2230061151,23.6020240784,True,4937.2230061151,28.2284948826,True,True,True,0.0000000000,0.0000000000,tie
S0053_R07,S0053,75,True,597.8254303014,9.5847232342,True,597.8254303014,6.9928059578,True,True,True,0.0000000000,0.0000000000,tie
S0053_R08,S0053,75,True,10656.7321381113,23.7186577320,True,10656.7321381113,19.8559241295,True,True,True,0.0000000000,0.0000000000,tie
S0053_R09,S0053,75,True,12579.1729986856,25.4142546654,True,12579.1729986856,23.2261128426,True,True,True,0.0000000000,0.0000000000,tie
S0053_R10,S0053,75,True,811.3554937674,10.0569930077,True,811.3554937674,9.8560965061,True,True,True,0.0000000000,0.0000000000,tie
S0054_R01,S0054,100,True,236077.9931689122,63.3642013073,True,238048.4852070469,35.6408069134,True,True,True,-1970.4920381347,0.8277691985,nils_r
S0054_R02,S0054,100,True,221847.9786966735,46.0380835533,True,247182.7247295165,24.3817267418,True,True,True,-25334.7460328430,10.2493999371,nils_r
S0054_R03,S0054,100,True,226203.3329331785,63.0231235027,True,233095.4757586267,37.8516240120,True,True,True,-6892.1428254482,2.9567896172,nils_r
S0054_R04,S0054,100,True,174656.9013257936,34.5757157803,True,169211.8422894910,20.2491934299,True,True,True,5445.0590363026,-3.2178947777,nils
S0054_R05,S0054,100,True,83606.8395742471,23.8295645714,True,249766.9503571165,30.1840052605,True,True,True,-166160.1107828694,66.5260598111,nils_r
S0054_R06,S0054,100,True,278643.9371134834,44.6203396320,True,239788.2826348614,31.3410043716,True,True,True,38855.6544786220,-16.2041506164,nils
S0054_R07,S0054,100,True,143786.4055192665,33.2944192886,True,103312.0174002799,11.4767754078,True,True,True,40474.3881189866,-39.1768442215,nils
S0054_R08,S0054,100,True,279294.0480845832,39.0764753819,True,243922.0604653180,32.2328543663,True,True,True,35371.9876192652,-14.5013483208,nils
S0054_R09,S0054,100,True,169160.6181826429,43.2550437450,True,172365.9374645911,21.6070067883,True,True,True,-3205.3192819482,1.8596013395,nils_r
S0054_R10,S0054,100,True,205837.3860820253,36.0923447609,True,195824.3042060428,26.0915110111,True,True,True,10013.0818759825,-5.1132988403,nils
S0055_R01,S0055,100,True,34226.0883381136,89.0200815201,True,32883.5954600264,42.5621364117,True,True,True,1342.4928780872,-4.0825611047,nils
S0055_R02,S0055,100,True,29153.6805589645,58.0931847095,True,28538.4497180268,38.6099393368,True,True,True,615.2308409377,-2.1557962924,nils
S0055_R03,S0055,100,True,51273.8527673941,82.1960470676,True,49836.3224164077,64.6442923546,True,True,True,1437.5303509864,-2.8845032725,nils
S0055_R04,S0055,100,True,32036.4987216095,61.2567431927,True,30527.0079591306,48.4874401093,True,True,True,1509.4907624789,-4.9447714119,nils
S0055_R05,S0055,100,True,72251.9433374531,118.5554306507,True,61189.5128839412,60.0583703518,True,True,True,11062.4304535119,-18.0789647313,nils
S0055_R06,S0055,100,True,22124.0583470557,82.2694902420,True,21608.2736196849,57.0646989346,True,True,True,515.7847273708,-2.3869779532,nils
S0055_R07,S0055,100,True,32496.0857688280,58.8654086590,True,39277.7025810087,50.7986052036,True,True,True,-6781.6168121807,17.2658184327,nils_r
S0055_R08,S0055,100,True,46188.0875443528,46.1683640480,True,46282.3312322042,40.0061423779,True,True,True,-94.2436878514,0.2036277891,nils_r
S0055_R09,S0055,100,True,63006.3035488758,96.9242234230,True,62213.4622156250,91.7160375118,True,True,True,792.8413332508,-1.2743887014,nils
S0055_R10,S0055,100,True,21632.0050332308,92.8819196224,True,20333.1448418243,45.1145272255,True,True,True,1298.8601914065,-6.3878962232,nils
S0056_R01,S0056,100,True,460172.4938439582,94.1753218174,True,465489.2091668003,77.5404188633,True,True,True,-5316.7153228421,1.1421779964,nils_r
S0056_R02,S0056,100,True,331004.4044958476,81.2006742954,True,301323.4477114287,110.9611349106,True,True,True,29680.9567844189,-9.8501981873,nils
S0056_R03,S0056,100,True,741008.3886922490,83.7039985657,True,621076.0064120340,98.8025562763,True,True,True,119932.3822802149,-19.3104195045,nils
S0056_R04,S0056,100,True,284128.0773115064,34.9024651051,True,207262.6091556462,30.0111374855,True,True,True,76865.4681558602,-37.0860274649,nils
S0056_R05,S0056,100,True,279958.4004741422,43.8926675320,True,264515.1380594600,32.8341617584,True,True,True,15443.2624146822,-5.8383283951,nils
S0056_R06,S0056,100,True,343224.3037800281,29.9849429131,True,313051.7733249642,42.7037973404,True,True,True,30172.5304550639,-9.6381918347,nils
S0056_R07,S0056,100,True,267464.7749589308,83.4033265114,True,355447.4484815678,61.9850220680,True,True,True,-87982.6735226370,24.7526530007,nils_r
S0056_R08,S0056,100,True,606587.4821994025,63.4202368259,True,599645.0853512313,71.2866597176,True,True,True,6942.3968481713,-1.1577509793,nils
S0056_R09,S0056,100,True,374762.5404128749,72.5065739155,True,431474.1245749798,60.4483168125,True,True,True,-56711.5841621049,13.1436813779,nils_r
S0056_R10,S0056,100,True,353542.6883038471,56.1304624081,True,482366.1431179373,43.8334219456,True,True,True,-128823.4548140902,26.7065706522,nils_r
S0057_R01,S0057,100,True,150815.1931604530,53.0921163559,True,146375.5624425297,44.1067917347,True,True,True,4439.6307179233,-3.0330409283,nils
S0057_R02,S0057,100,True,140259.4591955456,43.9404313564,True,120082.4034584101,30.5718050003,True,True,True,20177.0557371355,-16.8026747933,nils
S0057_R03,S0057,100,True,317303.5860662905,72.1881763935,True,226383.5691939192,28.8626410961,True,True,True,90920.0168723713,-40.1619327746,nils
S0057_R04,S0057,100,True,346299.0431357998,55.2473216057,True,212396.3323381162,44.1596405506,True,True,True,133902.7107976836,-63.0437961539,nils
S0057_R05,S0057,100,True,211519.0807994145,45.1423964500,True,205815.4683398823,30.1198704243,True,True,True,5703.6124595322,-2.7712263347,nils
S0057_R06,S0057,100,True,246662.6117382686,33.6472139359,True,189317.8561348922,25.8487961292,True,True,True,57344.7556033764,-30.2901991255,nils
S0057_R07,S0057,100,True,191532.6383222684,45.2126343250,True,263554.7328464265,58.5912327766,True,True,True,-72022.0945241581,27.3271869362,nils_r
S0057_R08,S0057,100,True,207867.5577448802,67.0676608086,True,256278.8747459657,40.3546097279,True,True,True,-48411.3170010855,18.8900926965,nils_r
S0057_R09,S0057,100,True,156762.1269269588,49.2851352692,True,155431.5338033048,37.7550878525,True,True,True,1330.5931236540,-0.8560638186,nils
S0057_R10,S0057,100,True,263754.5570078575,53.2853922844,True,229831.4933903273,33.8142943382,True,True,True,33923.0636175302,-14.7599718024,nils
S0058_R01,S0058,100,True,51235.5543379259,36.5372271538,True,44969.2955896295,19.3967471123,True,True,True,6266.2587482964,-13.9345272505,nils
S0058_R02,S0058,100,True,43866.3727146965,39.4557979107,True,36496.9585707376,23.4560241699,True,True,True,7369.4141439589,-20.1918582604,nils
S0058_R03,S0058,100,True,36390.3821003287,57.0999200344,True,30615.0736058269,42.7273159027,True,True,True,5775.3084945018,-18.8642646066,nils
S0058_R04,S0058,100,True,28268.1411987764,33.3539202213,True,35802.8951702645,37.1898512840,True,True,True,-7534.7539714881,21.0450968718,nils_r
S0058_R05,S0058,100,True,75588.4116099937,49.6816732883,True,71903.6183295033,39.6226005554,True,True,True,3684.7932804904,-5.1246284486,nils
S0058_R06,S0058,100,True,39948.8529134700,27.8460290432,True,41227.4953154509,19.6118798256,True,True,True,-1278.6424019809,3.1014311983,nils_r
S0058_R07,S0058,100,True,42428.1069840112,42.6925787926,True,37348.3348825385,29.5635485649,True,True,True,5079.7721014727,-13.6010671358,nils
S0058_R08,S0058,100,True,66575.8691220807,30.6134939194,True,52693.6750763142,26.9952776432,True,True,True,13882.1940457665,-26.3450860576,nils
S0058_R09,S0058,100,True,51719.9215559935,41.5688560009,True,39268.9265714969,47.0493848324,True,True,True,12450.9949844966,-31.7069909253,nils
S0058_R10,S0058,100,True,17387.4291423928,15.4605481625,True,17387.4291423928,7.9201877117,True,True,True,0.0000000000,0.0000000000,tie
S0059_R01,S0059,100,True,5494.1767419708,62.3609850407,True,5034.5151910992,29.7086176872,True,True,True,459.6615508716,-9.1302048643,nils
S0059_R02,S0059,100,True,4528.0312004209,25.5152735710,True,6098.7487880731,36.3824124336,True,True,True,-1570.7175876522,25.7547513799,nils_r
S0059_R03,S0059,100,True,5467.7370190846,43.7361638546,True,5055.0271596335,28.8437185287,True,True,True,412.7098594511,-8.1643450454,nils
S0059_R04,S0059,100,True,4263.7919844228,51.8914716244,True,4107.0629545051,35.7370221615,True,True,True,156.7290299177,-3.8160854035,nils
S0059_R05,S0059,100,True,4747.4665815339,39.0849573612,True,4747.4665815339,38.7013401985,True,True,True,0.0000000000,0.0000000000,tie
S0059_R06,S0059,100,True,4634.0165738048,32.1712229252,True,4634.0165738048,36.3954577446,True,True,True,0.0000000000,0.0000000000,tie
S0059_R07,S0059,100,True,5024.7270029647,43.4924731255,True,4977.9775882432,29.3178102970,True,True,True,46.7494147215,-0.9391246524,nils
S0059_R08,S0059,100,True,5006.1855180151,50.1496210098,True,4723.1710027416,36.7646076679,True,True,True,283.0145152735,-5.9920446477,nils
S0059_R09,S0059,100,True,5696.7587411520,53.6949286461,True,1493.7368113896,13.4254817963,True,True,True,4203.0219297624,-281.3763373651,nils
S0059_R10,S0059,100,True,5663.4355754224,53.6060771942,True,5593.6981623330,36.5691843033,True,True,True,69.7374130894,-1.2467139103,nils
S0060_R01,S0060,100,True,5172.3982603621,45.4462347031,True,4487.2098064962,34.1786603928,True,True,True,685.1884538659,-15.2698109385,nils
S0060_R02,S0060,100,True,3611.7810565152,41.1839411259,True,4652.8019007779,36.0720720291,True,True,True,-1041.0208442627,22.3740633378,nils_r
S0060_R03,S0060,100,True,5073.5184828590,42.8292388916,True,4892.2489200318,38.0717036724,True,True,True,181.2695628272,-3.7052399784,nils
S0060_R04,S0060,100,True,4031.6317676370,39.1541585922,True,3979.4778542457,25.3470523357,True,True,True,52.1539133913,-1.3105717710,nils
S0060_R05,S0060,100,True,5188.9917990526,46.2821879387,True,4263.3625678810,56.9622695446,True,True,True,925.6292311716,-21.7112482561,nils
S0060_R06,S0060,100,True,4399.6102051752,46.9395158291,True,4284.1319717737,35.2716886997,True,True,True,115.4782334015,-2.6954873044,nils
S0060_R07,S0060,100,True,5531.5003422760,56.0894935131,True,4879.2551084889,45.6188652515,True,True,True,652.2452337871,-13.3677214920,nils
S0060_R08,S0060,100,True,5417.3693850320,40.8294003010,True,4499.7579473079,24.7665331364,True,True,True,917.6114377241,-20.3924621828,nils
S0060_R09,S0060,100,True,5235.3566618383,48.7316834927,True,4804.0560670021,31.0153365135,True,True,True,431.3005948362,-8.9778426567,nils
S0060_R10,S0060,100,True,6226.8706960634,37.3102080822,True,6113.2907834742,31.7005300522,True,True,True,113.5799125892,-1.8579177175,nils
S0061_R01,S0061,100,True,415024.7354316018,45.2513754368,True,404039.5684881210,32.3317558765,True,True,True,10985.1669434808,-2.7188344410,nils
S0061_R02,S0061,100,True,255563.2305325681,47.8903355598,True,332732.9112321273,27.1571569443,True,True,True,-77169.6806995592,23.1926804036,nils_r
S0061_R03,S0061,100,True,424685.7387922999,46.9157946110,True,492780.0827654326,30.0253233910,True,True,True,-68094.3439731327,13.8184042648,nils_r
S0061_R04,S0061,100,True,478244.2704662993,37.2489187717,True,484383.1948147007,27.8141381741,True,True,True,-6138.9243484014,1.2673693914,nils_r
S0061_R05,S0061,100,True,501689.9369564243,44.6350059509,True,512407.8641783976,30.4848921299,True,True,True,-10717.9272219733,2.0916789088,nils_r
S0061_R06,S0061,100,True,445822.0342765706,40.9651637077,True,170395.4097150457,22.3761804104,True,True,True,275426.6245615249,-161.6396973499,nils
S0061_R07,S0061,100,True,488941.9023627607,48.3912241459,True,292708.2285676784,29.7678923607,True,True,True,196233.6737950823,-67.0407097044,nils
S0061_R08,S0061,100,True,579843.4706979273,29.9448316097,True,448518.9610388994,19.6074159145,True,True,True,131324.5096590279,-29.2795892853,nils
S0061_R09,S0061,100,True,392904.0317397427,46.7950141430,True,340613.5276696742,30.2400500774,True,True,True,52290.5040700685,-15.3518576986,nils
S0061_R10,S0061,100,True,431879.0969827881,41.2763023376,True,453869.1356905191,37.9666085243,True,True,True,-21990.0387077310,4.8450174243,nils_r
S0062_R01,S0062,100,True,239677.0152026003,33.7952456474,True,239677.0152026003,38.5900635719,True,True,True,0.0000000000,0.0000000000,tie
S0062_R02,S0062,100,True,147650.5222117761,22.0857973099,True,147650.5222117761,22.7094569206,True,True,True,0.0000000000,0.0000000000,tie
S0062_R03,S0062,100,True,270927.4477178903,22.1794512272,True,271796.9885151677,23.4432439804,True,True,True,-869.5407972774,0.3199228961,nils_r
S0062_R04,S0062,100,True,290903.7347425726,38.6663413048,True,290939.0134808963,30.7048153877,True,True,True,-35.2787383237,0.0121258191,nils_r
S0062_R05,S0062,100,True,254827.9645598941,31.1795122623,True,254827.9645598941,29.6227488518,True,True,True,0.0000000000,0.0000000000,tie
S0062_R06,S0062,100,True,135481.0335729872,16.1548316479,True,224739.8745913155,41.2474834919,True,True,True,-89258.8410183283,39.7165127820,nils_r
S0062_R07,S0062,100,True,112050.2977364102,30.1974127293,True,112050.2977364102,30.5848741531,True,True,True,0.0000000000,0.0000000000,tie
S0062_R08,S0062,100,True,190211.5456750728,33.4607214928,True,229212.9015646902,34.4360070229,True,True,True,-39001.3558896174,17.0153405953,nils_r
S0062_R09,S0062,100,True,123397.8289501782,16.9937746525,True,123397.8289501782,14.9945523739,True,True,True,0.0000000000,0.0000000000,tie
S0062_R10,S0062,100,True,184948.5345071947,22.9836606979,True,184948.5345071947,22.7338676453,True,True,True,0.0000000000,0.0000000000,tie
S0063_R01,S0063,100,True,6770.5593043745,38.3804495335,True,6675.9280176388,25.0467102528,True,True,True,94.6312867357,-1.4175001061,nils
S0063_R02,S0063,100,True,4683.3782750951,47.6976010799,True,4448.3837561930,28.4894521236,True,True,True,234.9945189021,-5.2826943848,nils
S0063_R03,S0063,100,True,3495.7110598392,32.3554167747,True,3495.7110598392,31.8268682957,True,True,True,0.0000000000,0.0000000000,tie
S0063_R04,S0063,100,True,3814.4177367841,48.0947816372,True,3763.9578908461,29.5679039955,True,True,True,50.4598459380,-1.3406060164,nils
S0063_R05,S0063,100,True,4345.1540929816,38.5496912003,True,4683.2253160241,22.2864930630,True,True,True,-338.0712230425,7.2187691223,nils_r
S0063_R06,S0063,100,True,6370.6132091451,39.1250312328,True,5793.8160829260,25.6433029175,True,True,True,576.7971262191,-9.9553924040,nils
S0063_R07,S0063,100,True,4964.5713715760,40.9815740585,True,4258.0567319197,28.2014896870,True,True,True,706.5146396563,-16.5924195974,nils
S0063_R08,S0063,100,True,4768.5266174527,46.5489008427,True,5337.4662900250,26.2999384403,True,True,True,-568.9396725723,10.6593586106,nils_r
S0063_R09,S0063,100,True,4647.7187400039,38.5010960102,True,4642.5806504177,23.5717310905,True,True,True,5.1380895862,-0.1106731358,nils
S0063_R10,S0063,100,True,4989.5081699217,41.1354007721,True,4331.1575183079,25.7039494514,True,True,True,658.3506516138,-15.2003396051,nils
S0064_R01,S0064,100,True,206875.3548736710,83.6849918365,True,209200.5994239447,74.4465856552,True,True,True,-2325.2445502737,1.1114903861,nils_r
S0064_R02,S0064,100,True,265832.0059038221,66.5696878433,True,249492.4326564239,52.7377929688,True,True,True,16339.5732473982,-6.5491257885,nils
S0064_R03,S0064,100,True,205583.4476655374,121.7166471481,True,182759.0226597438,74.4326798916,True,True,True,22824.4250057936,-12.4888088553,nils
S0064_R04,S0064,100,True,168022.7428338538,80.4608504772,True,153540.4852443391,50.0022196770,True,True,True,14482.2575895147,-9.4322077766,nils
S0064_R05,S0064,100,True,162256.0532573017,40.2521111965,True,151975.6944031954,40.8231785297,True,True,True,10280.3588541063,-6.7644756581,nils
S0064_R06,S0064,100,True,157656.1770227965,61.0801906586,True,148078.0923105237,54.3794336319,True,True,True,9578.0847122728,-6.4682658743,nils
S0064_R07,S0064,100,True,130758.6825344385,83.8476960659,True,130042.9787328003,53.7936017513,True,True,True,715.7038016382,-0.5503594339,nils
S0064_R08,S0064,100,True,144096.5505306802,50.8208630085,True,137138.8893097609,44.3731787205,True,True,True,6957.6612209193,-5.0734414257,nils
S0064_R09,S0064,100,True,127409.2338380939,61.2624342442,True,142362.5683345943,74.4851438999,True,True,True,-14953.3344965004,10.5036981781,nils_r
S0064_R10,S0064,100,True,149553.6228965418,62.6150095463,True,148574.2828037682,39.9148395061,True,True,True,979.3400927736,-0.6591585531,nils
S0065_R01,S0065,100,True,135428.1846202906,50.1265561581,True,163473.4164409868,56.2349834442,True,True,True,-28045.2318206962,17.1558363624,nils_r
S0065_R02,S0065,100,True,31761.8843892925,36.8662362099,True,59525.1613407170,42.9534649849,True,True,True,-27763.2769514245,46.6412460313,nils_r
S0065_R03,S0065,100,True,257119.3692774596,75.2850654125,True,285636.7314864821,68.1308338642,True,True,True,-28517.3622090225,9.9837867702,nils_r
S0065_R04,S0065,100,True,243738.2259918466,71.3588380814,True,244075.6324103497,89.9384090900,True,True,True,-337.4064185031,0.1382384694,nils_r
S0065_R05,S0065,100,True,133825.3667267459,103.2691755295,True,215523.2336110028,43.3796725273,True,True,True,-81697.8668842569,37.9067562765,nils_r
S0065_R06,S0065,100,True,112766.9400111861,76.6441650391,True,138747.3205617300,58.2199349403,True,True,True,-25980.3805505439,18.7249601977,nils_r
S0065_R07,S0065,100,True,270236.7096909196,91.3141057491,True,238403.8122442893,65.4670641422,True,True,True,31832.8974466303,-13.3525119196,nils
S0065_R08,S0065,100,True,125966.2620442831,66.6262280941,True,118582.4689966821,42.0344297886,True,True,True,7383.7930476010,-6.2267155593,nils
S0065_R09,S0065,100,True,288363.6141309463,72.0942361355,True,157856.8083529876,23.0654258728,True,True,True,130506.8057779587,-82.6741697996,nils
S0065_R10,S0065,100,True,144102.1124799860,74.5361478329,True,159919.0004598846,35.1792953014,True,True,True,-15816.8879798986,9.8905620560,nils_r
S0066_R01,S0066,100,True,15341.1735799022,46.7745633125,True,16351.8703168232,29.9300229549,True,True,True,-1010.6967369210,6.1809243673,nils_r
S0066_R02,S0066,100,True,27644.6295450795,67.8140144348,True,28043.2006411012,48.3268394470,True,True,True,-398.5710960217,1.4212753427,nils_r
S0066_R03,S0066,100,True,33060.9960915575,72.9671835899,True,31699.6884475324,59.5463373661,True,True,True,1361.3076440251,-4.2943880861,nils
S0066_R04,S0066,100,True,13000.1885577857,47.0544230938,True,15568.9301409212,34.9416220188,True,True,True,-2568.7415831355,16.4991528633,nils_r
S0066_R05,S0066,100,True,22144.1477730624,68.5479874611,True,26711.5369813799,53.0286896229,True,True,True,-4567.3892083175,17.0989382285,nils_r
S0066_R06,S0066,100,True,16089.3553428076,47.8162305355,True,18753.5369480213,68.4045755863,True,True,True,-2664.1816052137,14.2062887262,nils_r
S0066_R07,S0066,100,True,32041.8166777001,90.7016296387,True,33524.4968338765,60.6806113720,True,True,True,-1482.6801561764,4.4226768370,nils_r
S0066_R08,S0066,100,True,26276.2532136596,79.8902332783,True,32274.5325897775,44.2138521671,True,True,True,-5998.2793761179,18.5851781414,nils_r
S0066_R09,S0066,100,True,28609.6981088426,37.1120750904,True,31314.1283467636,37.5061540604,True,True,True,-2704.4302379210,8.6364538331,nils_r
S0066_R10,S0066,100,True,25492.6596217526,46.5711297989,True,27439.6796763618,48.0273716450,True,True,True,-1947.0200546092,7.0956369665,nils_r
S0067_R01,S0067,100,True,166118.5945931615,45.8367559910,True,95524.6798965486,51.2371182442,True,True,True,70593.9146966129,-73.9012313604,nils
S0067_R02,S0067,100,True,226708.9638775289,59.0431225300,True,253914.3843987133,37.8728122711,True,True,True,-27205.4205211844,10.7144069784,nils_r
S0067_R03,S0067,100,True,321572.1959762435,39.9206674099,True,331208.6608277602,49.7364258766,True,True,True,-9636.4648515166,2.9094845610,nils_r
S0067_R04,S0067,100,True,173420.3678077677,38.6813702583,True,446644.2757117525,44.0737352371,True,True,True,-273223.9079039848,61.1725981417,nils_r
S0067_R05,S0067,100,True,342587.3664013972,49.3468742371,True,357856.9618085820,34.5626709461,True,True,True,-15269.5954071848,4.2669549672,nils_r
S0067_R06,S0067,100,True,171977.2759195867,54.6528191566,True,151313.4772335638,32.5451757908,True,True,True,20663.7986860229,-13.6562843336,nils
S0067_R07,S0067,100,True,253996.3108415770,54.9103636742,True,259195.2015737043,29.4416575432,True,True,True,-5198.8907321273,2.0057820132,nils_r
S0067_R08,S0067,100,True,289770.6586387611,42.7239687443,True,289770.6586387611,35.5298614502,True,True,True,0.0000000000,0.0000000000,tie
S0067_R09,S0067,100,True,258667.1815366940,54.3441557884,True,261980.5561757528,35.9330892563,True,True,True,-3313.3746390588,1.2647406691,nils_r
S0067_R10,S0067,100,True,351663.3317180088,45.4913961887,True,321332.8655675832,36.4313964844,True,True,True,30330.4661504256,-9.4389554884,nils
S0068_R01,S0068,100,True,107771.4024038259,40.3280565739,True,107771.4024038259,40.1424274445,True,True,True,0.0000000000,0.0000000000,tie
S0068_R02,S0068,100,True,212783.1272113695,41.3930311203,True,212783.1272113695,38.8115541935,True,True,True,0.0000000000,0.0000000000,tie
S0068_R03,S0068,100,True,231110.2623330723,34.0477898121,True,231110.2623330723,38.8905308247,True,True,True,0.0000000000,0.0000000000,tie
S0068_R04,S0068,100,True,137708.2411038590,43.1034996510,True,141182.5681127572,44.4651043415,True,True,True,-3474.3270088982,2.4608753441,nils_r
S0068_R05,S0068,100,True,259427.0805476647,47.0111913681,True,259427.0805476647,46.2231826782,True,True,True,0.0000000000,0.0000000000,tie
S0068_R06,S0068,100,True,92128.6667120126,43.3428175449,True,119205.0013594145,27.8349611759,True,True,True,-27076.3346474019,22.7140928137,nils_r
S0068_R07,S0068,100,True,162129.4877151171,41.6608390808,True,162129.4877151171,39.0102794170,True,True,True,0.0000000000,0.0000000000,tie
S0068_R08,S0068,100,True,111544.5895110573,41.8355138302,True,111544.5895110573,36.6624593735,True,True,True,0.0000000000,0.0000000000,tie
S0068_R09,S0068,100,True,202658.8501911728,42.8228116035,True,202658.8501911728,38.0341942310,True,True,True,0.0000000000,0.0000000000,tie
S0068_R10,S0068,100,True,159962.5610280081,34.3785691261,True,201038.1562253459,46.9739820957,True,True,True,-41075.5951973378,20.4317409036,nils_r
S0069_R01,S0069,100,True,4142.4476358552,51.7247104645,True,2465.3177246148,37.5054128170,True,True,True,1677.1299112404,-68.0289560447,nils
S0069_R02,S0069,100,True,2696.9477050904,39.6456582546,True,2696.9477050904,44.2202956676,True,True,True,0.0000000000,0.0000000000,tie
S0069_R03,S0069,100,True,3799.3726470085,41.0567724705,True,2847.6817312301,43.5259072781,True,True,True,951.6909157784,-33.4198483398,nils
S0069_R04,S0069,100,True,3157.5224118283,53.1724195480,True,3354.7032172449,36.1894881725,True,True,True,-197.1808054166,5.8777421622,nils_r
S0069_R05,S0069,100,True,3136.5308725556,44.7608842850,True,3136.5308725556,40.0033252239,True,True,True,0.0000000000,0.0000000000,tie
S0069_R06,S0069,100,True,2946.3811957947,51.5244314671,True,2946.3811957947,42.5483181477,True,True,True,0.0000000000,0.0000000000,tie
S0069_R07,S0069,100,True,2623.9181737105,39.8453407288,True,2623.9181737105,37.3504235744,True,True,True,0.0000000000,0.0000000000,tie
S0069_R08,S0069,100,True,1735.1573398185,39.7859771252,True,1735.1573398185,42.9028537273,True,True,True,0.0000000000,0.0000000000,tie
S0069_R09,S0069,100,True,1811.8281590786,43.5247955322,True,1811.8281590786,39.2274472713,True,True,True,0.0000000000,0.0000000000,tie
S0069_R10,S0069,100,True,473.8698067909,29.4457564354,True,503.7099044892,16.2114956379,True,True,True,-29.8400976983,5.9240641155,nils_r
S0070_R01,S0070,100,True,29586.6906226006,44.1651237011,True,30070.0577452829,33.1377291679,True,True,True,-483.3671226823,1.6074698851,nils_r
S0070_R02,S0070,100,True,5235.0181916306,21.8058404922,True,5761.6904808355,12.6572940350,True,True,True,-526.6722892049,9.1409333937,nils_r
S0070_R03,S0070,100,True,21015.8494984691,53.4512689114,True,20930.1446810257,39.9252240658,True,True,True,85.7048174434,-0.4094802915,nils
S0070_R04,S0070,100,True,9383.8056591725,51.7639045715,True,8950.5332776855,44.4282038212,True,True,True,433.2723814870,-4.8407437640,nils
S0070_R05,S0070,100,True,30034.9772916124,54.8570132256,True,31521.5843264296,35.1777069569,True,True,True,-1486.6070348172,4.7161558233,nils_r
S0070_R06,S0070,100,True,22374.3913015009,57.3896610737,True,24074.9875394615,42.7008583546,True,True,True,-1700.5962379606,7.0637471159,nils_r
S0070_R07,S0070,100,True,29969.7881756587,45.2656550407,True,32500.1317580330,38.3308722973,True,True,True,-2530.3435823743,7.7856409974,nils_r
S0070_R08,S0070,100,True,25023.9848166205,50.5680875778,True,25028.9673820633,35.5178408623,True,True,True,-4.9825654428,0.0199071954,nils_r
S0070_R09,S0070,100,True,17108.3815028256,67.3646879196,True,17108.7505258284,43.5781083107,True,True,True,-0.3690230028,0.0021569255,nils_r
S0070_R10,S0070,100,True,18171.7217562053,36.0241777897,True,18171.7217562053,38.3789279461,True,True,True,0.0000000000,0.0000000000,tie
S0071_R01,S0071,100,True,74162.6726076312,37.5219759941,True,74171.1592630220,35.8067815304,True,True,True,-8.4866553908,0.0114419883,nils_r
S0071_R02,S0071,100,True,132872.2545264355,42.1953928471,True,132872.2545264355,38.5851321220,True,True,True,0.0000000000,0.0000000000,tie
S0071_R03,S0071,100,True,44981.9623671338,19.9246766567,True,44981.9623671338,19.7125737667,True,True,True,0.0000000000,0.0000000000,tie
S0071_R04,S0071,100,True,131233.8656023435,33.6535286903,True,129731.7803352326,44.0034601688,True,True,True,1502.0852671109,-1.1578390917,nils
S0071_R05,S0071,100,True,58983.6924829245,35.0662529469,True,58655.9023305943,18.4276142120,True,True,True,327.7901523302,-0.5588357511,nils
S0071_R06,S0071,100,True,98901.8885471059,48.2431216240,True,98992.1041439842,30.7023959160,True,True,True,-90.2155968783,0.0911341340,nils_r
S0071_R07,S0071,100,True,112467.6761823455,49.0748324394,True,112469.4102908590,30.4209041595,True,True,True,-1.7341085135,0.0015418490,nils_r
S0071_R08,S0071,100,True,125908.0708033670,39.8023746014,True,125908.0708033670,35.4269914627,True,True,True,0.0000000000,0.0000000000,tie
S0071_R09,S0071,100,True,119062.3559865553,32.2951250076,True,114871.8488971099,30.4391064644,True,True,True,4190.5070894454,-3.6479843666,nils
S0071_R10,S0071,100,True,109587.1917000932,41.2986168861,True,117622.8434462251,29.6014320850,True,True,True,-8035.6517461319,6.8317101599,nils_r
S0072_R01,S0072,100,True,14747.7576238691,46.5234692097,True,15857.0041296962,40.6597833633,True,True,True,-1109.2465058271,6.9953094340,nils_r
S0072_R02,S0072,100,True,32710.1748523629,37.2228028774,True,32710.1748523629,26.6034367085,True,True,True,0.0000000000,0.0000000000,tie
S0072_R03,S0072,100,True,17142.0535119853,44.2395567894,True,17142.0535119853,29.3653264046,True,True,True,0.0000000000,0.0000000000,tie
S0072_R04,S0072,100,True,33819.6049077584,30.6647906303,True,33819.6049077584,23.4994378090,True,True,True,0.0000000000,0.0000000000,tie
S0072_R05,S0072,100,True,14324.1261182690,30.9895706177,True,14324.1261182690,23.6781380177,True,True,True,0.0000000000,0.0000000000,tie
S0072_R06,S0072,100,True,20481.9749893555,31.5010566711,True,20481.9749893555,23.7284915447,True,True,True,0.0000000000,0.0000000000,tie
S0072_R07,S0072,100,True,26594.4912826510,32.0922880173,True,26594.4912826510,25.4220492840,True,True,True,0.0000000000,0.0000000000,tie
S0072_R08,S0072,100,True,12639.5431627227,32.5718481541,True,12087.4049901268,30.1659414768,True,True,True,552.1381725959,-4.5678801451,nils
S0072_R09,S0072,100,True,12250.0129960802,35.2929556370,True,12204.0178321377,26.1705477238,True,True,True,45.9951639425,-0.3768854206,nils
S0072_R10,S0072,100,True,19918.6128808089,39.5924730301,True,19869.6097238691,28.1601910591,True,True,True,49.0031569398,-0.2466236510,nils
