rho,rank,objective,gap_to_best,gap_percent,selected_y_json,y_budget_used,candidate_index
0.0,1,911.5332829583576,0.0,0.0,"[0.25, 1.0, 1.0, 0.0, 0.0]",2.1163406877715145,1226
0.0,2,913.4183305539917,1.8850475956340915,0.2067996452654168,"[0.0, 1.0, 1.0, 0.5, 0.0]",2.2252036969484017,611
0.0,3,913.5693955015746,2.036112543216973,0.2233722653120051,"[0.0, 1.0, 1.0, 0.25, 0.0]",1.9843506802675792,606
0.0,4,913.7509052219657,2.217622263608064,0.24328483721524993,"[0.0, 1.0, 1.0, 0.0, 0.25]",2.0610331548543557,602
0.0,5,913.7509052219687,2.2176222636110197,0.2432848372155742,"[0.0, 1.0, 1.0, 0.0, 0.0]",1.7434976635867565,601
0.0,6,940.1970615214652,28.6637785631076,3.144567411743875,"[0.5, 1.0, 0.75, 0.0, 0.0]",2.282797338246995,1826
0.0,7,941.7400186802053,30.206735721847622,3.313837935112193,"[0.25, 1.0, 0.75, 0.25, 0.0]",2.150807330743059,1206
0.0,8,941.9341460191444,30.40086306078672,3.335134726196887,"[0.25, 1.0, 0.75, 0.0, 0.25]",2.2274898053298355,1202
0.0,9,941.9341460191453,30.40086306078763,3.335134726196987,"[0.25, 1.0, 0.75, 0.0, 0.0]",1.9099543140622364,1201
0.0,10,943.5450445848937,32.0117616265361,3.5118587795985636,"[0.0, 1.0, 0.75, 0.75, 0.0]",2.259670339919946,591
0.05,1,927.7081811182109,0.0,0.0,"[0.25, 1.0, 1.0, 0.0, 0.0]",2.1163406877715145,1226
0.05,2,929.6635409912617,1.9553598730508384,0.21077316260097545,"[0.0, 1.0, 1.0, 0.5, 0.0]",2.2252036969484017,611
0.05,3,929.8200953414919,2.111914223281019,0.22764855007912382,"[0.0, 1.0, 1.0, 0.25, 0.0]",1.9843506802675792,606
0.05,4,930.0073179481938,2.299136829982899,0.24782974611818556,"[0.0, 1.0, 1.0, 0.0, 0.25]",2.0610331548543557,602
0.05,5,930.007317948194,2.2991368299831265,0.24782974611821007,"[0.0, 1.0, 1.0, 0.0, 0.0]",1.7434976635867565,601
0.05,6,957.5409537182886,29.83277260007776,3.215749651374088,"[0.5, 1.0, 0.75, 0.0, 0.0]",2.282797338246995,1826
0.05,7,959.1380195274088,31.42983840919794,3.3879013949531047,"[0.25, 1.0, 0.75, 0.25, 0.0]",2.150807330743059,1206
0.05,8,959.3376052557774,31.629424137566502,3.409415242996138,"[0.25, 1.0, 0.75, 0.0, 0.25]",2.2274898053298355,1202
0.05,9,959.3376052557777,31.629424137566843,3.409415242996175,"[0.25, 1.0, 0.75, 0.0, 0.0]",1.9099543140622364,1201
0.05,10,960.9977090156989,33.28952789748803,3.5883620059664207,"[0.0, 1.0, 0.75, 0.75, 0.0]",2.259670339919946,591
0.1,1,937.1267551597514,0.0,0.0,"[0.25, 1.0, 1.0, 0.0, 0.0]",2.1163406877715145,1226
0.1,2,939.1301721091022,2.0034169493508216,0.21378292086104195,"[0.0, 1.0, 1.0, 0.5, 0.0]",2.2252036969484017,611
0.1,3,939.2967239489831,2.169968789231689,0.23155552621713119,"[0.0, 1.0, 1.0, 0.25, 0.0]",1.9843506802675792,606
0.1,4,939.4953759961955,2.3686208364441654,0.2527535174300288,"[0.0, 1.0, 1.0, 0.0, 0.25]",2.0610331548543557,602
0.1,5,939.4953759961957,2.368620836444279,0.25275351743004093,"[0.0, 1.0, 1.0, 0.0, 0.0]",1.7434976635867565,601
0.1,6,969.5829325082243,32.45617734847292,3.463371114928859,"[0.5, 1.0, 0.75, 0.0, 0.0]",2.282797338246995,1826
0.1,7,971.3419781451021,34.21522298535069,3.6510773806173153,"[0.25, 1.0, 0.75, 0.25, 0.0]",2.150807330743059,1206
0.1,8,971.5536548305868,34.42689967083538,3.673665219916451,"[0.25, 1.0, 0.75, 0.0, 0.0]",1.9099543140622364,1201
0.1,9,971.5536548305879,34.42689967083652,3.6736652199165722,"[0.25, 1.0, 0.75, 0.0, 0.25]",2.2274898053298355,1202
0.1,10,973.3578720270746,36.23111686732318,3.8661917043598746,"[0.0, 1.0, 0.75, 0.75, 0.0]",2.259670339919946,591
0.15,1,939.4972657134642,0.0,0.0,"[0.25, 1.0, 1.0, 0.0, 0.0]",2.1163406877715145,1226
0.15,2,941.8077984435034,2.310532730039199,0.24593288499722837,"[0.0, 1.0, 1.0, 0.5, 0.0]",2.2252036969484017,611
0.15,3,941.9923318887932,2.4950661753289296,0.26557460744009187,"[0.0, 1.0, 1.0, 0.25, 0.0]",1.9843506802675792,606
0.15,4,942.2128521020837,2.7155863886194993,0.28904675806131847,"[0.0, 1.0, 1.0, 0.0, 0.25]",2.0610331548543557,602
0.15,5,942.2128521020843,2.7155863886200677,0.28904675806137897,"[0.0, 1.0, 1.0, 0.0, 0.0]",1.7434976635867565,601
0.15,6,981.30013332109,41.802867607625785,4.449493269773408,"[0.5, 1.0, 0.75, 0.0, 0.0]",2.282797338246995,1826
0.15,7,983.0367835796044,43.53951786614016,4.634342158843409,"[0.25, 1.0, 0.75, 0.25, 0.0]",2.150807330743059,1206
0.15,8,983.2816129856259,43.784347272161654,4.660401777637038,"[0.25, 1.0, 0.75, 0.0, 0.0]",1.9099543140622364,1201
0.15,9,983.2816129856263,43.78434727216211,4.660401777637086,"[0.25, 1.0, 0.75, 0.0, 0.25]",2.2274898053298355,1202
0.15,10,985.0497038529047,45.55243813944048,4.848597202126765,"[0.0, 1.0, 0.75, 0.75, 0.0]",2.259670339919946,591
0.2,1,941.4908148781016,0.0,0.0,"[0.25, 1.0, 1.0, 0.0, 0.0]",2.1163406877715145,1226
0.2,2,944.4591529194997,2.9683380413981695,0.31528061607085267,"[0.0, 1.0, 1.0, 0.5, 0.0]",2.2252036969484017,611
0.2,3,944.6436863647876,3.152871486686081,0.33488074836867054,"[0.0, 1.0, 1.0, 0.25, 0.0]",1.9843506802675792,606
0.2,4,944.8642065780791,3.37339169997756,0.35830319814796346,"[0.0, 1.0, 1.0, 0.0, 0.0]",1.7434976635867565,601
0.2,5,944.8642065780822,3.3733916999806297,0.3583031981482895,"[0.0, 1.0, 1.0, 0.0, 0.25]",2.0610331548543557,602
0.2,6,992.9919651469229,51.501150268821334,5.470170229487516,"[0.5, 1.0, 0.75, 0.0, 0.0]",2.282797338246995,1826
0.2,7,994.7286154054337,53.23780052733218,5.654627712350554,"[0.25, 1.0, 0.75, 0.25, 0.0]",2.150807330743059,1206
0.2,8,994.9734448114576,53.482629933356066,5.68063215149695,"[0.25, 1.0, 0.75, 0.0, 0.0]",1.9099543140622364,1201
0.2,9,994.9734448114589,53.482629933357316,5.680632151497083,"[0.25, 1.0, 0.75, 0.0, 0.25]",2.2274898053298355,1202
0.2,10,996.0166811788552,54.52586630075359,5.791439007061716,"[0.0, 1.0, 0.75, 0.75, 0.0]",2.259670339919946,591
0.25,1,941.5807118957248,0.0,0.0,"[0.25, 1.0, 1.0, 0.0, 0.0]",2.1163406877715145,1226
0.25,2,945.5637543252818,3.983042429557031,0.42301656982095576,"[0.0, 1.0, 1.0, 0.5, 0.0]",2.2252036969484017,611
0.25,3,945.75501436513,4.174302469405234,0.44332922463980085,"[0.0, 1.0, 1.0, 0.25, 0.0]",1.9843506802675792,606
0.25,4,945.9822611729809,4.401549277256095,0.4674638320058901,"[0.0, 1.0, 1.0, 0.0, 0.0]",1.7434976635867565,601
0.25,5,945.9822611729841,4.401549277259278,0.46746383200622815,"[0.0, 1.0, 1.0, 0.0, 0.25]",2.0610331548543557,602
0.25,6,997.9248188249123,56.34410692918755,5.983991198773341,"[0.5, 1.0, 0.75, 0.0, 0.0]",2.282797338246995,1826
0.25,7,999.8919828174144,58.311270921689584,6.192912639882884,"[0.25, 1.0, 0.75, 0.25, 0.0]",2.150807330743059,1206
0.25,8,1000.1518180925032,58.57110619677837,6.220508285355024,"[0.25, 1.0, 0.75, 0.0, 0.0]",1.9099543140622364,1201
0.25,9,1000.1518180925045,58.57110619677974,6.2205082853551685,"[0.25, 1.0, 0.75, 0.0, 0.25]",2.2274898053298355,1202
0.25,10,1001.1057161015952,59.52500420587046,6.321816436322939,"[0.0, 1.0, 0.75, 0.75, 0.0]",2.259670339919946,591
