instance_id,random_seed,method_name,scenario_id,scenario_class,n,eligible_share,eligible_share_target,number_of_drones,number_of_trucks,endurance_level,speed_ratio,spatial_pattern,launch_retrieval_time_class,priority_weight_profile,battery_slack_ratio,priority_weight_high,priority_weight_medium,priority_weight_low,depot_position,objective_total,truck_travel_cost,drone_travel_cost,waiting_sync_cost,penalty_cost,priority_tardiness_cost,high_priority_tardiness_minutes,medium_priority_tardiness_minutes,low_priority_tardiness_minutes,total_priority_tardiness_minutes,high_priority_tardiness_weighted_cost,medium_priority_tardiness_weighted_cost,low_priority_tardiness_weighted_cost,fixed_deployment_cost,makespan_minutes,truck_route_distance_km,drone_flight_distance_km,customers_served_by_truck,customers_served_by_drone,drone_service_share,number_of_drone_launches,number_of_drone_retrievals,average_customers_per_drone_sortie,average_customers_per_drone_route,total_truck_waiting_time,total_drone_waiting_time,average_synchronization_delay,maximum_synchronization_delay,delayed_rendezvous_events,average_battery_usage_ratio,maximum_battery_usage_ratio,sorties_near_endurance_limit,infeasible_battery_attempts_rejected,eligible_not_assigned_due_battery,cpu_time_seconds,iterations,improving_moves_accepted,candidate_reassignments_evaluated,final_solution_feasibility_flag,status,run_label,truck_only_objective,truck_only_distance,simple_drone_objective,improvement_vs_truck_only_pct,improvement_vs_simple_drone_pct,truck_distance_reduction_pct,is_feasible_run,reporting_policy,reporting_penalty_value,objective_for_reporting,reporting_included,truck_only_objective_reported,simple_drone_objective_reported,improvement_vs_truck_only_reported_pct,improvement_vs_simple_drone_reported_pct
S0001_R01,102027,truck_only,S0001,n15_p0.25_d1_uniform_Emedium_V1.25_Hmedium_PWmoderate_B0.10,15,0.26666666666666666,0.25,1,3,medium,1.25,uniform,medium,moderate,0.1,20.0,5.0,1.0,peripheral,145.9945897994477,145.9945897994477,0.0,0.0,0.0,0.0,0.0,0.0,0.0,0.0,0.0,0.0,0.0,0.0,142.42879256968027,182.49323724930963,0.0,15,0,0.0,0,0,0.0,0.0,0.0,0.0,0.0,0.0,0,0.0,0.0,0,0,0,0.00803685188293457,0.0,0.0,0.0,True,feasible,baseline_truck_only,145.9945897994477,182.49323724930963,145.9945897994477,,,0.0,True,feasible_only,0.0,145.9945897994477,True,145.9945897994477,145.9945897994477,,
S0001_R01,102027,simple_drone,S0001,n15_p0.25_d1_uniform_Emedium_V1.25_Hmedium_PWmoderate_B0.10,15,0.26666666666666666,0.25,1,3,medium,1.25,uniform,medium,moderate,0.1,20.0,5.0,1.0,peripheral,145.9945897994477,145.9945897994477,0.0,0.0,0.0,0.0,0.0,0.0,0.0,0.0,0.0,0.0,0.0,0.0,143.69597385182266,182.49323724930963,0.0,15,0,0.0,0,0,0.0,0.0,0.0,0.0,0.0,0.0,0,0.0,0.0,0,0,0,0.06507325172424316,0.0,0.0,0.0,True,feasible,baseline_simple_drone,145.9945897994477,182.49323724930963,145.9945897994477,0.0,,0.0,True,feasible_only,0.0,145.9945897994477,True,145.9945897994477,145.9945897994477,0.0,
S0001_R01,102027,paired_baseline,S0001,n15_p0.25_d1_uniform_Emedium_V1.25_Hmedium_PWmoderate_B0.10,15,0.26666666666666666,0.25,1,3,medium,1.25,uniform,medium,moderate,0.1,20.0,5.0,1.0,peripheral,145.9945897994477,145.9945897994477,0.0,0.0,0.0,0.0,0.0,0.0,0.0,0.0,0.0,0.0,0.0,0.0,142.42879256968027,182.49323724930963,0.0,15,0,0.0,0,0,0.0,0.0,0.0,0.0,0.0,0.0,0,0.0,0.0,0,5,5,0.056379079818725586,5.0,0.0,0.0,True,feasible,baseline_paired,145.9945897994477,182.49323724930963,145.9945897994477,0.0,0.0,0.0,True,feasible_only,0.0,145.9945897994477,True,145.9945897994477,145.9945897994477,0.0,0.0
S0001_R01,102027,no_unpairing,S0001,n15_p0.25_d1_uniform_Emedium_V1.25_Hmedium_PWmoderate_B0.10,15,0.26666666666666666,0.25,1,3,medium,1.25,uniform,medium,moderate,0.1,20.0,5.0,1.0,peripheral,145.9945897994477,145.9945897994477,0.0,0.0,0.0,0.0,0.0,0.0,0.0,0.0,0.0,0.0,0.0,0.0,142.42879256968027,182.49323724930963,0.0,15,0,0.0,0,0,0.0,0.0,0.0,0.0,0.0,0.0,0,0.0,0.0,0,6,6,0.091217041015625,4.0,0.0,92.0,True,feasible,baseline_no_unpairing,145.9945897994477,182.49323724930963,145.9945897994477,0.0,0.0,0.0,True,feasible_only,0.0,145.9945897994477,True,145.9945897994477,145.9945897994477,0.0,0.0
S0001_R01,102027,nils,S0001,n15_p0.25_d1_uniform_Emedium_V1.25_Hmedium_PWmoderate_B0.10,15,0.26666666666666666,0.25,1,3,medium,1.25,uniform,medium,moderate,0.1,20.0,5.0,1.0,peripheral,140.7663160012282,135.12975907713096,5.636556924097262,0.0,0.0,0.0,0.0,0.0,0.0,0.0,0.0,0.0,0.0,0.0,119.72716860216438,168.91219884641365,18.788523080324207,14,1,0.06666666666666667,1,1,1.0,1.0,0.0,0.0,0.0,0.0,0,0.3757704616064842,0.3757704616064842,0,8,8,0.13566851615905762,8.0,1.0,6.0,True,feasible,nils_complete,145.9945897994477,182.49323724930963,145.9945897994477,3.581142154241172,3.581142154241172,7.4419406481033095,True,feasible_only,0.0,140.7663160012282,True,145.9945897994477,145.9945897994477,3.581142154241172,3.581142154241172
S0001_R01,102027,nils_no_local_search,S0001,n15_p0.25_d1_uniform_Emedium_V1.25_Hmedium_PWmoderate_B0.10,15,0.26666666666666666,0.25,1,3,medium,1.25,uniform,medium,moderate,0.1,20.0,5.0,1.0,peripheral,145.9945897994477,145.9945897994477,0.0,0.0,0.0,0.0,0.0,0.0,0.0,0.0,0.0,0.0,0.0,0.0,142.42879256968027,182.49323724930963,0.0,15,0,0.0,0,0,0.0,0.0,0.0,0.0,0.0,0.0,0,0.0,0.0,0,12,12,0.14049673080444336,12.0,0.0,12.0,True,feasible,ablation_no_local_search,145.9945897994477,182.49323724930963,145.9945897994477,0.0,0.0,0.0,True,feasible_only,0.0,145.9945897994477,True,145.9945897994477,145.9945897994477,0.0,0.0
S0001_R01,102027,nils_no_perturbation,S0001,n15_p0.25_d1_uniform_Emedium_V1.25_Hmedium_PWmoderate_B0.10,15,0.26666666666666666,0.25,1,3,medium,1.25,uniform,medium,moderate,0.1,20.0,5.0,1.0,peripheral,140.7663160012282,135.12975907713096,5.636556924097262,0.0,0.0,0.0,0.0,0.0,0.0,0.0,0.0,0.0,0.0,0.0,119.72716860216438,168.91219884641365,18.788523080324207,14,1,0.06666666666666667,1,1,1.0,1.0,0.0,0.0,0.0,0.0,0,0.3757704616064842,0.3757704616064842,0,12,12,0.0637202262878418,12.0,1.0,9.0,True,feasible,ablation_no_perturbation,145.9945897994477,182.49323724930963,145.9945897994477,3.581142154241172,3.581142154241172,7.4419406481033095,True,feasible_only,0.0,140.7663160012282,True,145.9945897994477,145.9945897994477,3.581142154241172,3.581142154241172
S0002_R01,202027,truck_only,S0002,n15_p0.25_d1_uniform_Ehigh_V2.00_Hshort_PWbase_B0.10,15,0.26666666666666666,0.25,1,3,high,2.0,uniform,short,base,0.1,100.0,20.0,1.0,peripheral,4142.137553790055,153.57933407211613,0.0,0.0,3988.5582197179388,3988.5582197179388,39.88558219717939,0.0,0.0,39.88558219717939,3988.5582197179388,0.0,0.0,0.0,140.10545005335734,191.97416759014513,0.0,15,0,0.0,0,0,0.0,0.0,0.0,0.0,0.0,0.0,0,0.0,0.0,0,0,0,0.008179903030395508,0.0,0.0,0.0,True,feasible,baseline_truck_only,4142.137553790055,191.97416759014513,4142.137553790055,,,0.0,True,feasible_only,0.0,4142.137553790055,True,4142.137553790055,4142.137553790055,,
S0002_R01,202027,simple_drone,S0002,n15_p0.25_d1_uniform_Ehigh_V2.00_Hshort_PWbase_B0.10,15,0.26666666666666666,0.25,1,3,high,2.0,uniform,short,base,0.1,100.0,20.0,1.0,peripheral,4142.137553790055,153.57933407211613,0.0,0.0,3988.5582197179388,3988.5582197179388,39.88558219717939,0.0,0.0,39.88558219717939,3988.5582197179388,0.0,0.0,0.0,140.10545005335734,191.97416759014513,0.0,15,0,0.0,0,0,0.0,0.0,0.0,0.0,0.0,0.0,0,0.0,0.0,0,0,0,0.13346219062805176,0.0,0.0,0.0,True,feasible,simple_drone|fallback_truck_only,4142.137553790055,191.97416759014513,4142.137553790055,0.0,,0.0,True,feasible_only,0.0,4142.137553790055,True,4142.137553790055,4142.137553790055,0.0,
S0002_R01,202027,paired_baseline,S0002,n15_p0.25_d1_uniform_Ehigh_V2.00_Hshort_PWbase_B0.10,15,0.26666666666666666,0.25,1,3,high,2.0,uniform,short,base,0.1,100.0,20.0,1.0,peripheral,3012.5455108917113,157.30966853252738,13.78535443782339,149.31779437604501,2692.1326935453153,2692.1326935453153,26.921326935453152,0.0,0.0,26.921326935453152,2692.1326935453153,0.0,0.0,0.0,127.33976697594572,196.63708566565924,45.9511814594113,13,2,0.13333333333333333,1,2,2.0,2.0,0.0,149.31779437604501,49.77259812534834,86.84798359344022,2,0.4491585382398469,0.4491585382398469,0,0,0,0.17445063591003418,12.0,1.0,28.0,True,feasible,baseline_paired,4142.137553790055,191.97416759014513,4142.137553790055,27.270751592128253,27.270751592128253,-2.428929961800486,True,feasible_only,0.0,3012.5455108917113,True,4142.137553790055,4142.137553790055,27.270751592128253,27.270751592128253
S0002_R01,202027,no_unpairing,S0002,n15_p0.25_d1_uniform_Ehigh_V2.00_Hshort_PWbase_B0.10,15,0.26666666666666666,0.25,1,3,high,2.0,uniform,short,base,0.1,100.0,20.0,1.0,peripheral,3001.974198582017,149.0982659923864,13.78535443782339,94.52604844501852,2744.5645297067886,2744.5645297067886,27.445645297067884,0.0,0.0,27.445645297067884,2744.5645297067886,0.0,0.0,0.0,127.86408533756045,186.372832490483,45.9511814594113,13,2,0.13333333333333333,2,2,1.0,2.0,0.0,94.52604844501852,23.63151211125463,62.46981078260479,2,0.4491585382398469,0.4491585382398469,0,0,0,0.22604584693908691,6.0,2.0,123.0,True,feasible,baseline_no_unpairing,4142.137553790055,191.97416759014513,4142.137553790055,27.525965528710866,27.525965528710866,2.9177545968688254,True,feasible_only,0.0,3001.974198582017,True,4142.137553790055,4142.137553790055,27.525965528710866,27.525965528710866
S0002_R01,202027,nils,S0002,n15_p0.25_d1_uniform_Ehigh_V2.00_Hshort_PWbase_B0.10,15,0.26666666666666666,0.25,1,3,high,2.0,uniform,short,base,0.1,100.0,20.0,1.0,peripheral,2864.8830032093642,155.14784666067368,17.602463003375057,0.0,2692.1326935453153,2692.1326935453153,26.921326935453152,0.0,0.0,26.921326935453152,2692.1326935453153,0.0,0.0,0.0,127.33976697594572,193.93480832584208,58.67487667791685,11,4,0.26666666666666666,1,1,4.0,4.0,0.0,0.0,0.0,0.0,0,0.6181748697347673,0.6181748697347673,0,0,0,0.13706660270690918,12.0,3.0,10.0,True,feasible,nils_complete,4142.137553790055,191.97416759014513,4142.137553790055,30.835638218050075,30.835638218050075,-1.021304460026529,True,feasible_only,0.0,2864.8830032093642,True,4142.137553790055,4142.137553790055,30.835638218050075,30.835638218050075
S0002_R01,202027,nils_no_local_search,S0002,n15_p0.25_d1_uniform_Ehigh_V2.00_Hshort_PWbase_B0.10,15,0.26666666666666666,0.25,1,3,high,2.0,uniform,short,base,0.1,100.0,20.0,1.0,peripheral,171.42693351507765,153.8244705117026,17.602463003375057,0.0,0.0,0.0,0.0,0.0,0.0,0.0,0.0,0.0,0.0,0.0,150.52603921997553,192.28058813962824,58.67487667791685,11,4,0.26666666666666666,1,1,4.0,4.0,0.0,0.0,0.0,0.0,0,0.6181748697347673,0.6181748697347673,0,0,0,0.12761473655700684,12.0,4.0,10.0,True,feasible,ablation_no_local_search,4142.137553790055,191.97416759014513,4142.137553790055,95.86138964993516,95.86138964993516,-0.15961551146678188,True,feasible_only,0.0,171.42693351507765,True,4142.137553790055,4142.137553790055,95.86138964993516,95.86138964993516
S0002_R01,202027,nils_no_perturbation,S0002,n15_p0.25_d1_uniform_Ehigh_V2.00_Hshort_PWbase_B0.10,15,0.26666666666666666,0.25,1,3,high,2.0,uniform,short,base,0.1,100.0,20.0,1.0,peripheral,2907.4481501369983,149.0982659923864,13.78535443782339,0.0,2744.5645297067886,2744.5645297067886,27.445645297067884,0.0,0.0,27.445645297067884,2744.5645297067886,0.0,0.0,0.0,127.86408533756045,186.372832490483,45.9511814594113,13,2,0.13333333333333333,1,1,2.0,2.0,0.0,0.0,0.0,0.0,0,0.4491585382398469,0.4491585382398469,0,0,0,0.09085345268249512,12.0,2.0,13.0,True,feasible,ablation_no_perturbation,4142.137553790055,191.97416759014513,4142.137553790055,29.808025146903105,29.808025146903105,2.9177545968688254,True,feasible_only,0.0,2907.4481501369983,True,4142.137553790055,4142.137553790055,29.808025146903105,29.808025146903105
S0003_R01,302027,truck_only,S0003,n15_p0.75_d1_uniform_Emedium_V2.00_Hmedium_PWmoderate_B0.10,15,0.7333333333333333,0.75,1,3,medium,2.0,uniform,medium,moderate,0.1,20.0,5.0,1.0,peripheral,4809.844973288056,167.30965002443338,0.0,0.0,4642.535323263623,4642.535323263623,227.38529328236496,18.965891523264702,0.0,246.35118480562966,4547.705865647299,94.82945761632351,0.0,0.0,206.8071792813876,209.13706253054175,0.0,15,0,0.0,0,0,0.0,0.0,0.0,0.0,0.0,0.0,0,0.0,0.0,0,0,0,0.008208274841308594,0.0,0.0,0.0,True,feasible,baseline_truck_only,4809.844973288056,209.13706253054175,4809.844973288056,,,0.0,True,feasible_only,0.0,4809.844973288056,True,4809.844973288056,4809.844973288056,,
S0003_R01,302027,simple_drone,S0003,n15_p0.75_d1_uniform_Emedium_V2.00_Hmedium_PWmoderate_B0.10,15,0.7333333333333333,0.75,1,3,medium,2.0,uniform,medium,moderate,0.1,20.0,5.0,1.0,peripheral,4809.844973288056,167.30965002443338,0.0,0.0,4642.535323263623,4642.535323263623,227.38529328236496,18.965891523264702,0.0,246.35118480562966,4547.705865647299,94.82945761632351,0.0,0.0,206.8071792813876,209.13706253054175,0.0,15,0,0.0,0,0,0.0,0.0,0.0,0.0,0.0,0.0,0,0.0,0.0,0,0,0,0.16876530647277832,0.0,0.0,0.0,True,feasible,simple_drone|fallback_truck_only,4809.844973288056,209.13706253054175,4809.844973288056,0.0,,0.0,True,feasible_only,0.0,4809.844973288056,True,4809.844973288056,4809.844973288056,0.0,
S0003_R01,302027,paired_baseline,S0003,n15_p0.75_d1_uniform_Emedium_V2.00_Hmedium_PWmoderate_B0.10,15,0.7333333333333333,0.75,1,3,medium,2.0,uniform,medium,moderate,0.1,20.0,5.0,1.0,peripheral,196.0510561581,136.76842231320614,17.481061357297012,41.80157248759685,0.0,0.0,0.0,0.0,0.0,0.0,0.0,0.0,0.0,0.0,132.37118139479495,170.9605278915077,58.27020452432337,11,4,0.26666666666666666,2,1,2.0,4.0,41.80157248759685,0.0,13.933857495865617,41.80157248759685,1,0.789513134397661,0.789513134397661,0,46,46,0.4933764934539795,10.0,2.0,360.0,True,feasible,baseline_paired,4809.844973288056,209.13706253054175,4809.844973288056,95.92396309554904,95.92396309554904,18.254313308746447,True,feasible_only,0.0,196.0510561581,True,4809.844973288056,4809.844973288056,95.92396309554904,95.92396309554904
S0003_R01,302027,no_unpairing,S0003,n15_p0.75_d1_uniform_Emedium_V2.00_Hmedium_PWmoderate_B0.10,15,0.7333333333333333,0.75,1,3,medium,2.0,uniform,medium,moderate,0.1,20.0,5.0,1.0,peripheral,180.11806023085163,116.02573314820698,19.23607167833576,44.85625540430889,0.0,0.0,0.0,0.0,0.0,0.0,0.0,0.0,0.0,0.0,143.7870667360686,145.03216643525872,64.12023892778586,10,5,0.3333333333333333,3,2,1.6666666666666667,5.0,44.85625540430889,0.0,8.971251080861778,44.85625540430889,1,0.8807278264965248,0.8807278264965248,0,47,47,0.3625979423522949,6.0,5.0,477.0,True,feasible,baseline_no_unpairing,4809.844973288056,209.13706253054175,4809.844973288056,96.25522108859735,96.25522108859735,30.652097394703222,True,feasible_only,0.0,180.11806023085163,True,4809.844973288056,4809.844973288056,96.25522108859735,96.25522108859735
S0003_R01,302027,nils,S0003,n15_p0.75_d1_uniform_Emedium_V2.00_Hmedium_PWmoderate_B0.10,15,0.7333333333333333,0.75,1,3,medium,2.0,uniform,medium,moderate,0.1,20.0,5.0,1.0,peripheral,141.30701259325957,122.07585106587342,19.231161527386156,0.0,0.0,0.0,0.0,0.0,0.0,0.0,0.0,0.0,0.0,0.0,158.71210329875402,152.59481383234174,64.10387175795384,11,4,0.26666666666666666,1,1,4.0,4.0,0.0,0.0,0.0,0.0,0,0.8804940097846388,0.8804940097846388,0,58,58,0.19796180725097656,12.0,4.0,36.0,True,feasible,nils_complete,4809.844973288056,209.13706253054175,4809.844973288056,97.06212958259523,97.06212958259523,27.035977274445436,True,feasible_only,0.0,141.30701259325957,True,4809.844973288056,4809.844973288056,97.06212958259523,97.06212958259523
S0003_R01,302027,nils_no_local_search,S0003,n15_p0.75_d1_uniform_Emedium_V2.00_Hmedium_PWmoderate_B0.10,15,0.7333333333333333,0.75,1,3,medium,2.0,uniform,medium,moderate,0.1,20.0,5.0,1.0,peripheral,142.6862181840608,125.56226583729112,17.123952346769688,0.0,0.0,0.0,227.38529328236496,0.0,0.0,227.38529328236496,4547.705865647299,0.0,0.0,0.0,197.79014714318606,156.9528322966139,57.07984115589896,10,5,0.3333333333333333,1,1,5.0,5.0,0.0,0.0,0.0,0.0,0,0.7961523916059849,0.7961523916059849,0,43,43,0.19442009925842285,12.0,5.0,38.0,True,feasible,ablation_no_local_search,4809.844973288056,209.13706253054175,4809.844973288056,97.03345494550277,97.03345494550277,24.952167541469134,True,feasible_only,0.0,142.6862181840608,True,4809.844973288056,4809.844973288056,97.03345494550277,97.03345494550277
S0003_R01,302027,nils_no_perturbation,S0003,n15_p0.75_d1_uniform_Emedium_V2.00_Hmedium_PWmoderate_B0.10,15,0.7333333333333333,0.75,1,3,medium,2.0,uniform,medium,moderate,0.1,20.0,5.0,1.0,peripheral,135.25689467559314,116.02573314820698,19.231161527386156,0.0,0.0,0.0,0.0,0.0,0.0,0.0,0.0,0.0,0.0,0.0,144.56433229800135,145.03216643525872,64.10387175795384,11,4,0.26666666666666666,1,1,4.0,4.0,0.0,0.0,0.0,0.0,0,0.8804940097846388,0.8804940097846388,0,58,58,0.10943198204040527,12.0,4.0,36.0,True,feasible,ablation_no_perturbation,4809.844973288056,209.13706253054175,4809.844973288056,97.1879157139834,97.1879157139834,30.652097394703222,True,feasible_only,0.0,135.25689467559314,True,4809.844973288056,4809.844973288056,97.1879157139834,97.1879157139834
S0004_R01,402027,truck_only,S0004,n15_p0.75_d1_uniform_Ehigh_V1.25_Hshort_PWmoderate_B0.10,15,0.7333333333333333,0.75,1,3,high,1.25,uniform,short,moderate,0.1,20.0,5.0,1.0,peripheral,3138.1045625326665,159.7135804786025,0.0,0.0,2978.390982054064,2978.390982054064,146.13702618537374,11.130091669317892,0.0,157.26711785469163,2922.740523707475,55.65045834658946,0.0,0.0,180.09380643251095,199.64197559825308,0.0,15,0,0.0,0,0,0.0,0.0,0.0,0.0,0.0,0.0,0,0.0,0.0,0,0,0,0.00989389419555664,0.0,0.0,0.0,True,feasible,baseline_truck_only,3138.1045625326665,199.64197559825308,3138.1045625326665,,,0.0,True,feasible_only,0.0,3138.1045625326665,True,3138.1045625326665,3138.1045625326665,,
S0004_R01,402027,simple_drone,S0004,n15_p0.75_d1_uniform_Ehigh_V1.25_Hshort_PWmoderate_B0.10,15,0.7333333333333333,0.75,1,3,high,1.25,uniform,short,moderate,0.1,20.0,5.0,1.0,peripheral,3138.1045625326665,159.7135804786025,0.0,0.0,2978.390982054064,2978.390982054064,146.13702618537374,11.130091669317892,0.0,157.26711785469163,2922.740523707475,55.65045834658946,0.0,0.0,181.3813741593223,199.64197559825308,0.0,15,0,0.0,0,0,0.0,0.0,0.0,0.0,0.0,0.0,0,0.0,0.0,0,0,0,0.1519145965576172,0.0,0.0,0.0,True,feasible,baseline_simple_drone,3138.1045625326665,199.64197559825308,3138.1045625326665,0.0,,0.0,True,feasible_only,0.0,3138.1045625326665,True,3138.1045625326665,3138.1045625326665,0.0,
S0004_R01,402027,paired_baseline,S0004,n15_p0.75_d1_uniform_Ehigh_V1.25_Hshort_PWmoderate_B0.10,15,0.7333333333333333,0.75,1,3,high,1.25,uniform,short,moderate,0.1,20.0,5.0,1.0,peripheral,266.02932554476865,170.09546932184284,15.623160488825123,80.31069573410068,0.0,0.0,0.0,0.0,0.0,0.0,0.0,0.0,0.0,0.0,132.9522074108854,212.61933665230356,52.07720162941708,13,2,0.13333333333333333,1,2,2.0,2.0,49.61221528254018,30.6984804515605,26.770231911366892,49.61221528254018,2,0.8457458397000884,0.8457458397000884,0,3,3,0.22917652130126953,12.0,5.0,27.0,True,feasible,baseline_paired,3138.1045625326665,199.64197559825308,3138.1045625326665,91.52261117360395,91.52261117360395,-6.5003168873490305,True,feasible_only,0.0,266.02932554476865,True,3138.1045625326665,3138.1045625326665,91.52261117360395,91.52261117360395
S0004_R01,402027,no_unpairing,S0004,n15_p0.75_d1_uniform_Ehigh_V1.25_Hshort_PWmoderate_B0.10,15,0.7333333333333333,0.75,1,3,high,1.25,uniform,short,moderate,0.1,20.0,5.0,1.0,peripheral,613.0350633732543,114.71104139071106,15.374230015275156,71.58789431058702,411.3618976566811,411.3618976566811,20.568094882834053,0.0,0.0,20.568094882834053,411.3618976566811,0.0,0.0,0.0,138.47935898183968,143.38880173838885,51.24743338425052,9,6,0.4,4,4,1.5,6.0,71.58789431058702,0.0,8.948486788823377,57.64887466021035,2,0.8861955537408331,0.8861955537408331,0,26,26,0.3632090091705322,6.0,6.0,387.0,True,feasible,baseline_no_unpairing,3138.1045625326665,199.64197559825308,3138.1045625326665,80.4647980601866,80.4647980601866,28.177027246546874,True,feasible_only,0.0,613.0350633732543,True,3138.1045625326665,3138.1045625326665,80.4647980601866,80.4647980601866
S0004_R01,402027,nils,S0004,n15_p0.75_d1_uniform_Ehigh_V1.25_Hshort_PWmoderate_B0.10,15,0.7333333333333333,0.75,1,3,high,1.25,uniform,short,moderate,0.1,20.0,5.0,1.0,peripheral,158.23511683978447,142.03893810617865,16.19617873360583,0.0,0.0,0.0,0.0,0.0,0.0,0.0,0.0,0.0,0.0,0.0,123.3596914666891,177.5486726327233,53.987262445352776,9,6,0.4,1,1,6.0,6.0,0.0,0.0,0.0,0.0,0,0.8964335876344707,0.8964335876344707,0,32,32,0.16525721549987793,12.0,9.0,52.0,True,feasible,nils_complete,3138.1045625326665,199.64197559825308,3138.1045625326665,94.95762127466912,94.95762127466912,11.066461799591156,True,feasible_only,0.0,158.23511683978447,True,3138.1045625326665,3138.1045625326665,94.95762127466912,94.95762127466912
S0004_R01,402027,nils_no_local_search,S0004,n15_p0.75_d1_uniform_Ehigh_V1.25_Hshort_PWmoderate_B0.10,15,0.7333333333333333,0.75,1,3,high,1.25,uniform,short,moderate,0.1,20.0,5.0,1.0,peripheral,1000.0890395423638,141.72437583110678,16.488555690151927,0.0,841.8761080211051,841.8761080211051,144.9948250867805,0.0,0.0,144.9948250867805,2899.8965017356104,0.0,0.0,0.0,174.55649226883364,177.15546978888347,54.96185230050643,11,4,0.26666666666666666,1,1,4.0,4.0,0.0,0.0,0.0,0.0,0,0.8648388059304215,0.8648388059304215,0,56,56,0.5911455154418945,12.0,4.0,38.0,True,feasible,ablation_no_local_search,3138.1045625326665,199.64197559825308,3138.1045625326665,68.13079297984821,68.13079297984821,11.263415793189727,True,feasible_only,0.0,1000.0890395423638,True,3138.1045625326665,3138.1045625326665,68.13079297984821,68.13079297984821
S0004_R01,402027,nils_no_perturbation,S0004,n15_p0.75_d1_uniform_Ehigh_V1.25_Hshort_PWmoderate_B0.10,15,0.7333333333333333,0.75,1,3,high,1.25,uniform,short,moderate,0.1,20.0,5.0,1.0,peripheral,537.0718934090856,109.51381701879876,16.19617873360583,0.0,411.3618976566811,411.3618976566811,20.568094882834053,0.0,0.0,20.568094882834053,411.3618976566811,0.0,0.0,0.0,138.47935898183968,136.8922712734985,53.987262445352776,9,6,0.4,1,1,6.0,6.0,0.0,0.0,0.0,0.0,0,0.8964335876344707,0.8964335876344707,0,37,37,0.14144086837768555,12.0,6.0,44.0,True,feasible,ablation_no_perturbation,3138.1045625326665,199.64197559825308,3138.1045625326665,82.88546851429221,82.88546851429221,31.43111769792748,True,feasible_only,0.0,537.0718934090856,True,3138.1045625326665,3138.1045625326665,82.88546851429221,82.88546851429221
S0005_R01,502027,truck_only,S0005,n50_p0.25_d1_uniform_Emedium_V2.00_Hshort_PWbase_B0.10,50,0.24,0.25,1,3,medium,2.0,uniform,short,base,0.1,100.0,20.0,1.0,peripheral,132523.67217758857,365.67054756769005,0.0,0.0,132158.00163002088,132158.00163002088,1213.058501490743,541.7603576965156,16.94432701625192,1771.7631862035105,121305.85014907431,10835.207153930312,16.94432701625192,0.0,337.23863616184866,457.08818445961253,0.0,50,0,0.0,0,0,0.0,0.0,0.0,0.0,0.0,0.0,0,0.0,0.0,0,0,0,0.43915843963623047,0.0,0.0,0.0,True,feasible,baseline_truck_only,132523.67217758857,457.08818445961253,133046.88673722825,,,0.0,True,feasible_only,0.0,132523.67217758857,True,132523.67217758857,133046.88673722825,,
S0005_R01,502027,simple_drone,S0005,n50_p0.25_d1_uniform_Emedium_V2.00_Hshort_PWbase_B0.10,50,0.24,0.25,1,3,medium,2.0,uniform,short,base,0.1,100.0,20.0,1.0,peripheral,133046.88673722825,365.67054756769005,0.0,0.0,132681.21618966057,132681.21618966057,1217.406544922652,546.1084011284245,18.39367482688823,1781.9086208779647,121740.65449226521,10922.16802256849,18.39367482688823,0.0,338.687983972485,457.08818445961253,0.0,50,0,0.0,0,0,0.0,0.0,0.0,0.0,0.0,0.0,0,0.0,0.0,0,0,0,2.3512303829193115,0.0,0.0,0.0,True,feasible,baseline_simple_drone,132523.67217758857,457.08818445961253,133046.88673722825,-0.3948083772826285,,0.0,True,feasible_only,0.0,133046.88673722825,True,132523.67217758857,133046.88673722825,-0.3948083772826285,
S0005_R01,502027,paired_baseline,S0005,n50_p0.25_d1_uniform_Emedium_V2.00_Hshort_PWbase_B0.10,50,0.24,0.25,1,3,medium,2.0,uniform,short,base,0.1,100.0,20.0,1.0,peripheral,41430.20651093144,215.4496672833349,19.884541828277076,235.84002990198806,40959.032271917844,40959.032271917844,402.30373936692945,36.432916761244954,0.0,438.7366561281744,40230.373936692944,728.658335224899,0.0,0.0,197.7414383625188,269.31208410416866,66.28180609425692,47,3,0.06,1,2,3.0,3.0,0.0,235.84002990198806,78.61334330066269,101.96591696310898,3,0.8669207739912753,0.8669207739912753,0,34,34,2.0145320892333984,11.0,2.0,297.0,True,feasible,baseline_paired,132523.67217758857,457.08818445961253,133046.88673722825,68.73750490749093,68.8604464734621,41.08093508858474,True,feasible_only,0.0,41430.20651093144,True,132523.67217758857,133046.88673722825,68.73750490749093,68.8604464734621
S0005_R01,502027,no_unpairing,S0005,n50_p0.25_d1_uniform_Emedium_V2.00_Hshort_PWbase_B0.10,50,0.24,0.25,1,3,medium,2.0,uniform,short,base,0.1,100.0,20.0,1.0,peripheral,38537.48266716544,213.80824059625064,19.07492066059764,148.42067483310157,38156.17883107549,38156.17883107549,377.70856820785406,19.266100514504345,0.0,396.9746687223584,37770.856820785404,385.3220102900869,0.0,0.0,189.15183766333536,267.2603007453133,63.5830688686588,44,6,0.12,4,4,1.5,6.0,0.0,148.42067483310157,18.552584354137696,102.21133563989211,2,0.8938241342295918,0.8938241342295918,0,334,334,7.166388988494873,6.0,6.0,2168.0,True,feasible,baseline_no_unpairing,132523.67217758857,457.08818445961253,133046.88673722825,70.92030273993372,71.03466032746925,41.52981638296364,True,feasible_only,0.0,38537.48266716544,True,132523.67217758857,133046.88673722825,70.92030273993372,71.03466032746925
S0005_R01,502027,nils,S0005,n50_p0.25_d1_uniform_Emedium_V2.00_Hshort_PWbase_B0.10,50,0.24,0.25,1,3,medium,2.0,uniform,short,base,0.1,100.0,20.0,1.0,peripheral,37363.606849431926,211.17059344155754,19.07492066059764,0.0,37133.36133532977,37133.36133532977,367.48039325039684,19.266100514504345,0.0,386.7464937649012,36748.03932503968,385.3220102900869,0.0,0.0,189.15183766333536,263.96324180194694,63.5830688686588,44,6,0.12,1,1,6.0,6.0,0.0,0.0,0.0,0.0,0,0.8938241342295918,0.8938241342295918,0,50,50,1.5353634357452393,12.0,6.0,43.0,True,feasible,nils_complete,132523.67217758857,457.08818445961253,133046.88673722825,71.80608850065461,71.91696268457133,42.251134293918675,True,feasible_only,0.0,37363.606849431926,True,132523.67217758857,133046.88673722825,71.80608850065461,71.91696268457133
S0005_R01,502027,nils_no_local_search,S0005,n50_p0.25_d1_uniform_Emedium_V2.00_Hshort_PWbase_B0.10,50,0.24,0.25,1,3,medium,2.0,uniform,short,base,0.1,100.0,20.0,1.0,peripheral,93248.2962227422,334.57023338804925,19.15999360710942,0.0,92894.56599574703,92894.56599574703,858.922834520688,350.114127183912,0.0,1209.0369617046,85892.28345206879,7002.28254367824,0.0,0.0,315.34011808989834,418.2127917350614,63.8666453570314,44,6,0.12,1,1,6.0,6.0,0.0,0.0,0.0,0.0,0,0.8978752269206293,0.8978752269206293,0,52,52,1.1307265758514404,12.0,7.0,41.0,True,feasible,ablation_no_local_search,132523.67217758857,457.08818445961253,133046.88673722825,29.636498377599544,29.913206908095127,8.505009327797687,True,feasible_only,0.0,93248.2962227422,True,132523.67217758857,133046.88673722825,29.636498377599544,29.913206908095127
S0005_R01,502027,nils_no_perturbation,S0005,n50_p0.25_d1_uniform_Emedium_V2.00_Hshort_PWbase_B0.10,50,0.24,0.25,1,3,medium,2.0,uniform,short,base,0.1,100.0,20.0,1.0,peripheral,38389.06199233234,213.80824059625064,19.07492066059764,0.0,38156.17883107549,38156.17883107549,377.70856820785406,19.266100514504345,0.0,396.9746687223584,37770.856820785404,385.3220102900869,0.0,0.0,189.15183766333536,267.2603007453133,63.5830688686588,44,6,0.12,1,1,6.0,6.0,0.0,0.0,0.0,0.0,0,0.8938241342295918,0.8938241342295918,0,50,50,0.9929018020629883,12.0,6.0,43.0,True,feasible,ablation_no_perturbation,132523.67217758857,457.08818445961253,133046.88673722825,71.03229833467864,71.14621549307506,41.52981638296364,True,feasible_only,0.0,38389.06199233234,True,132523.67217758857,133046.88673722825,71.03229833467864,71.14621549307506
S0006_R01,602027,truck_only,S0006,n50_p0.25_d2_uniform_Emedium_V2.00_Hmedium_PWbase_B0.10,50,0.24,0.25,2,3,medium,2.0,uniform,medium,base,0.1,100.0,20.0,1.0,peripheral,81578.02625041839,355.4338559053876,0.0,0.0,81222.592394513,81222.592394513,647.321659155752,822.4040580641002,42.34531765579962,1512.0710348756518,64732.16591557519,16448.081161282003,42.34531765579962,0.0,301.24421008482466,444.2923198817343,0.0,50,0,0.0,0,0,0.0,0.0,0.0,0.0,0.0,0.0,0,0.0,0.0,0,0,0,0.06437110900878906,0.0,0.0,0.0,True,feasible,baseline_truck_only,81578.02625041839,444.2923198817343,81578.02625041839,,,0.0,True,feasible_only,0.0,81578.02625041839,True,81578.02625041839,81578.02625041839,,
S0006_R01,602027,simple_drone,S0006,n50_p0.25_d2_uniform_Emedium_V2.00_Hmedium_PWbase_B0.10,50,0.24,0.25,2,3,medium,2.0,uniform,medium,base,0.1,100.0,20.0,1.0,peripheral,81578.02625041839,355.4338559053876,0.0,0.0,81222.592394513,81222.592394513,647.321659155752,822.4040580641002,42.34531765579962,1512.0710348756518,64732.16591557519,16448.081161282003,42.34531765579962,0.0,301.24421008482466,444.2923198817343,0.0,50,0,0.0,0,0,0.0,0.0,0.0,0.0,0.0,0.0,0,0.0,0.0,0,0,0,2.780857801437378,0.0,0.0,0.0,True,feasible,simple_drone|fallback_truck_only,81578.02625041839,444.2923198817343,81578.02625041839,0.0,,0.0,True,feasible_only,0.0,81578.02625041839,True,81578.02625041839,81578.02625041839,0.0,
S0006_R01,602027,paired_baseline,S0006,n50_p0.25_d2_uniform_Emedium_V2.00_Hmedium_PWbase_B0.10,50,0.24,0.25,2,3,medium,2.0,uniform,medium,base,0.1,100.0,20.0,1.0,peripheral,10183.941938054111,196.4709973395279,26.874193735028125,273.17346480399203,9687.423282175563,9687.423282175563,94.5970786270645,11.385770973455635,0.0,105.98284960052014,9459.707862706451,227.7154194691127,0.0,0.0,179.6001613437589,245.58874667440986,89.58064578342709,43,7,0.14,3,4,2.3333333333333335,3.5,22.169066865200296,251.00439793879175,39.02478068628458,111.43393316553131,5,0.5832488419389164,0.603992338743743,0,0,0,9.371702909469604,9.0,5.0,2265.0,True,feasible,baseline_paired,81578.02625041839,444.2923198817343,81578.02625041839,87.51631731467408,87.51631731467408,44.723611981457864,True,feasible_only,0.0,10183.941938054111,True,81578.02625041839,81578.02625041839,87.51631731467408,87.51631731467408
S0006_R01,602027,no_unpairing,S0006,n50_p0.25_d2_uniform_Emedium_V2.00_Hmedium_PWbase_B0.10,50,0.24,0.25,2,3,medium,2.0,uniform,medium,base,0.1,100.0,20.0,1.0,peripheral,9883.5928907953,192.51468291324363,17.509434653963005,213.86091052164193,9459.707862706451,9459.707862706451,94.5970786270645,0.0,0.0,94.5970786270645,9459.707862706451,0.0,0.0,0.0,189.37138349150774,240.64335364155454,58.36478217987669,44,6,0.12,3,3,2.0,6.0,0.0,213.86091052164193,35.64348508694032,111.43393316553131,2,0.8204012177273867,0.8204012177273867,0,0,0,20.695494651794434,6.0,6.0,6546.0,True,feasible,baseline_no_unpairing,81578.02625041839,444.2923198817343,81578.02625041839,87.88449127163749,87.88449127163749,45.836706404105485,True,feasible_only,0.0,9883.5928907953,True,81578.02625041839,81578.02625041839,87.88449127163749,87.88449127163749
S0006_R01,602027,nils,S0006,n50_p0.25_d2_uniform_Emedium_V2.00_Hmedium_PWbase_B0.10,50,0.24,0.25,2,3,medium,2.0,uniform,medium,base,0.1,100.0,20.0,1.0,peripheral,9669.731980273658,192.51468291324363,17.509434653963005,0.0,9459.707862706451,9459.707862706451,94.5970786270645,0.0,0.0,94.5970786270645,9459.707862706451,0.0,0.0,0.0,189.37138349150774,240.64335364155454,58.36478217987669,44,6,0.12,1,1,6.0,6.0,0.0,0.0,0.0,0.0,0,0.8204012177273867,0.8204012177273867,0,25,25,1.880162239074707,12.0,6.0,161.0,True,feasible,nils_complete,81578.02625041839,444.2923198817343,81578.02625041839,88.1466463155278,88.1466463155278,45.836706404105485,True,feasible_only,0.0,9669.731980273658,True,81578.02625041839,81578.02625041839,88.1466463155278,88.1466463155278
S0006_R01,602027,nils_no_local_search,S0006,n50_p0.25_d2_uniform_Emedium_V2.00_Hmedium_PWbase_B0.10,50,0.24,0.25,2,3,medium,2.0,uniform,medium,base,0.1,100.0,20.0,1.0,peripheral,49330.39070933192,287.0558291388176,38.85479373601087,0.0,49004.48008645709,49004.48008645709,441.8987247048598,362.8612759483748,0.0,804.7600006532346,44189.87247048598,7257.225518967496,0.0,0.0,285.3896335212885,358.819786423522,129.5159791200362,39,11,0.22,2,2,5.5,5.5,0.0,0.0,0.0,0.0,0,0.883509968021224,0.8880633122271344,0,36,36,2.0538082122802734,12.0,11.0,120.0,True,feasible,ablation_no_local_search,81578.02625041839,444.2923198817343,81578.02625041839,39.52980603146314,39.52980603146314,19.23790478326615,True,feasible_only,0.0,49330.39070933192,True,81578.02625041839,81578.02625041839,39.52980603146314,39.52980603146314
S0006_R01,602027,nils_no_perturbation,S0006,n50_p0.25_d2_uniform_Emedium_V2.00_Hmedium_PWbase_B0.10,50,0.24,0.25,2,3,medium,2.0,uniform,medium,base,0.1,100.0,20.0,1.0,peripheral,9669.731980273658,192.51468291324363,17.509434653963005,0.0,9459.707862706451,9459.707862706451,94.5970786270645,0.0,0.0,94.5970786270645,9459.707862706451,0.0,0.0,0.0,189.37138349150774,240.64335364155454,58.36478217987669,44,6,0.12,1,1,6.0,6.0,0.0,0.0,0.0,0.0,0,0.8204012177273867,0.8204012177273867,0,25,25,1.8860490322113037,11.0,6.0,141.0,True,feasible,ablation_no_perturbation,81578.02625041839,444.2923198817343,81578.02625041839,88.1466463155278,88.1466463155278,45.836706404105485,True,feasible_only,0.0,9669.731980273658,True,81578.02625041839,81578.02625041839,88.1466463155278,88.1466463155278
S0007_R01,1702030,truck_only,S0007,n50_p0.25_d2_uniform_Ehigh_V1.25_Hshort_PWbase_B0.10,50,0.24,0.25,2,3,high,1.25,uniform,short,base,0.1,100.0,20.0,1.0,peripheral,140914.80368953303,417.28572348784934,0.0,0.0,140497.51796604518,140497.51796604518,874.7837470814001,2616.7118874558723,684.9055087876978,4176.401143324971,87478.37470814,52334.23774911745,684.9055087876978,0.0,427.1104624456716,521.6071543598117,0.0,50,0,0.0,0,0,0.0,0.0,0.0,0.0,0.0,0.0,0,0.0,0.0,0,0,0,0.0726470947265625,0.0,0.0,0.0,True,feasible,baseline_truck_only,140914.80368953303,521.6071543598117,140924.40064062233,,,0.0,True,feasible_only,0.0,140914.80368953303,True,140914.80368953303,140924.40064062233,,
S0007_R01,1702030,simple_drone,S0007,n50_p0.25_d2_uniform_Ehigh_V1.25_Hshort_PWbase_B0.10,50,0.24,0.25,2,3,high,1.25,uniform,short,base,0.1,100.0,20.0,1.0,peripheral,140924.40064062233,426.8826745771525,0.0,0.0,140497.51796604518,140497.51796604518,874.7837470814001,2616.7118874558723,684.9055087876978,4176.401143324971,87478.37470814,52334.23774911745,684.9055087876978,0.0,427.1104624456716,533.6033432214407,0.0,50,0,0.0,0,0,0.0,0.0,0.0,0.0,0.0,0.0,0,0.0,0.0,0,0,0,1.8907206058502197,0.0,0.0,0.0,True,feasible,baseline_simple_drone,140914.80368953303,521.6071543598117,140924.40064062233,-0.0068104633707959305,,-2.2998512887255846,True,feasible_only,0.0,140924.40064062233,True,140914.80368953303,140924.40064062233,-0.0068104633707959305,
S0007_R01,1702030,paired_baseline,S0007,n50_p0.25_d2_uniform_Ehigh_V1.25_Hshort_PWbase_B0.10,50,0.24,0.25,2,3,high,1.25,uniform,short,base,0.1,100.0,20.0,1.0,peripheral,21622.11507324045,217.86504480761528,30.52809992415499,276.886260615896,21096.835667892785,21096.835667892785,197.81999344935485,65.741816147865,0.0,263.56180959721985,19781.999344935484,1314.8363229573,0.0,0.0,231.69043178276243,272.3313060095191,101.76033308051666,42,8,0.16,4,4,2.0,4.0,55.62376020171248,221.2625004141835,34.610782576987,107.49336853762333,5,0.8298367341965769,0.8363643440442936,0,217,217,12.808966398239136,10.0,6.0,4686.0,True,feasible,baseline_paired,140914.80368953303,521.6071543598117,140924.40064062233,84.65589525932363,84.65694019279175,47.78995960211442,True,feasible_only,0.0,21622.11507324045,True,140914.80368953303,140924.40064062233,84.65589525932363,84.65694019279175
S0007_R01,1702030,no_unpairing,S0007,n50_p0.25_d2_uniform_Ehigh_V1.25_Hshort_PWbase_B0.10,50,0.24,0.25,2,3,high,1.25,uniform,short,base,0.1,100.0,20.0,1.0,peripheral,25982.976314123778,210.93451168893935,31.604047316371503,124.63917450148068,25615.798580616985,25615.798580616985,252.008520391752,20.747327072089277,0.0,272.7558474638413,25200.8520391752,414.94654144178554,0.0,0.0,203.5278009736723,263.6681396111742,105.346824387905,45,5,0.1,4,3,1.25,2.5,0.0,124.63917450148068,17.805596357354382,89.16258077589794,3,0.8658019039815705,0.883021326803225,0,1487,1487,17.316352605819702,6.0,4.0,6276.0,True,feasible,baseline_no_unpairing,140914.80368953303,521.6071543598117,140924.40064062233,81.56121597318469,81.56247165429916,49.45081994997095,True,feasible_only,0.0,25982.976314123778,True,140914.80368953303,140924.40064062233,81.56121597318469,81.56247165429916
S0007_R01,1702030,nils,S0007,n50_p0.25_d2_uniform_Ehigh_V1.25_Hshort_PWbase_B0.10,50,0.24,0.25,2,3,high,1.25,uniform,short,base,0.1,100.0,20.0,1.0,peripheral,21358.759211104945,237.60533690783672,32.258737597170736,0.0,21088.89513659994,21088.89513659994,205.74900872039535,25.699713228020144,0.0,231.44872194841548,20574.900872039536,513.9942645604028,0.0,0.0,203.0014211387207,297.00667113479585,107.52912532390245,43,7,0.14,2,2,3.5,3.5,0.0,0.0,0.0,0.0,0,0.8729455961916706,0.8850078356997313,0,84,84,8.49374508857727,12.0,9.0,100.0,True,feasible,nils_complete,140914.80368953303,521.6071543598117,140924.40064062233,84.84278539097774,84.84381759722868,43.05931798437017,True,feasible_only,0.0,21358.759211104945,True,140914.80368953303,140924.40064062233,84.84278539097774,84.84381759722868
S0007_R01,1702030,nils_no_local_search,S0007,n50_p0.25_d2_uniform_Ehigh_V1.25_Hshort_PWbase_B0.10,50,0.24,0.25,2,3,high,1.25,uniform,short,base,0.1,100.0,20.0,1.0,peripheral,92253.52071525929,395.3841964639101,30.758092693240673,0.0,91827.37842610214,91827.37842610214,831.5003238241143,2232.4677884033376,514.3834149265915,3578.3515271540437,83150.03238241143,44649.35576806675,514.3834149265915,0.0,413.452656726222,494.2302455798874,102.52697564413558,43,7,0.14,2,2,3.5,3.5,0.0,0.0,0.0,0.0,0,0.8611187943212139,0.8983638184718885,0,101,101,1.4571242332458496,12.0,7.0,75.0,True,feasible,ablation_no_local_search,140914.80368953303,521.6071543598117,140924.40064062233,34.532413699759665,34.536872042110616,5.248568496635176,True,feasible_only,0.0,92253.52071525929,True,140914.80368953303,140924.40064062233,34.532413699759665,34.536872042110616
S0007_R01,1702030,nils_no_perturbation,S0007,n50_p0.25_d2_uniform_Ehigh_V1.25_Hshort_PWbase_B0.10,50,0.24,0.25,2,3,high,1.25,uniform,short,base,0.1,100.0,20.0,1.0,peripheral,29634.561575828804,220.85766555984415,32.258737597170736,0.0,29381.44517267179,29381.44517267179,281.94093512609976,59.3675830030907,0.0,341.3085181291905,28194.093512609976,1187.351660061814,0.0,0.0,229.4213029878466,276.0720819498052,107.52912532390245,43,7,0.14,2,2,3.5,3.5,0.0,0.0,0.0,0.0,0,0.8729455961916706,0.8850078356997313,0,87,87,1.3875484466552734,12.0,7.0,89.0,True,feasible,ablation_no_perturbation,140914.80368953303,521.6071543598117,140924.40064062233,78.96987342712382,78.97130557865474,47.07279613742282,True,feasible_only,0.0,29634.561575828804,True,140914.80368953303,140924.40064062233,78.96987342712382,78.97130557865474
S0008_R01,802027,truck_only,S0008,n50_p0.25_d1_uniform_Ehigh_V1.25_Hmedium_PWmoderate_B0.10,50,0.24,0.25,1,3,high,1.25,uniform,medium,moderate,0.1,20.0,5.0,1.0,peripheral,10635.295747261942,372.0461032475179,0.0,0.0,10263.249644014424,10263.249644014424,264.5291424774278,968.0199423324005,132.56708280386567,1365.116167613694,5290.582849548556,4840.099711662003,132.56708280386567,0.0,321.44688049551735,465.0576290593974,0.0,50,0,0.0,0,0,0.0,0.0,0.0,0.0,0.0,0.0,0,0.0,0.0,0,0,0,0.07114100456237793,0.0,0.0,0.0,True,feasible,baseline_truck_only,10635.295747261942,465.0576290593974,10635.295747261942,,,0.0,True,feasible_only,0.0,10635.295747261942,True,10635.295747261942,10635.295747261942,,
S0008_R01,802027,simple_drone,S0008,n50_p0.25_d1_uniform_Ehigh_V1.25_Hmedium_PWmoderate_B0.10,50,0.24,0.25,1,3,high,1.25,uniform,medium,moderate,0.1,20.0,5.0,1.0,peripheral,10635.295747261942,372.0461032475179,0.0,0.0,10263.249644014424,10263.249644014424,264.5291424774278,968.0199423324005,132.56708280386567,1365.116167613694,5290.582849548556,4840.099711662003,132.56708280386567,0.0,321.44688049551735,465.0576290593974,0.0,50,0,0.0,0,0,0.0,0.0,0.0,0.0,0.0,0.0,0,0.0,0.0,0,0,0,3.6030874252319336,0.0,0.0,0.0,True,feasible,simple_drone|fallback_truck_only,10635.295747261942,465.0576290593974,10635.295747261942,0.0,,0.0,True,feasible_only,0.0,10635.295747261942,True,10635.295747261942,10635.295747261942,0.0,
S0008_R01,802027,paired_baseline,S0008,n50_p0.25_d1_uniform_Ehigh_V1.25_Hmedium_PWmoderate_B0.10,50,0.24,0.25,1,3,high,1.25,uniform,medium,moderate,0.1,20.0,5.0,1.0,peripheral,3840.5766929685656,237.64473499257798,0.0,0.0,3602.9319579759876,3602.9319579759876,162.94378409067306,68.81125523250523,0.0,231.7550393231783,3258.875681813461,344.05627616252616,0.0,0.0,211.5899220077148,297.05591874072246,0.0,50,0,0.0,0,0,0.0,0.0,0.0,0.0,0.0,0.0,0,0.0,0.0,0,0,0,0.8258509635925293,9.0,1.0,0.0,True,feasible,baseline_paired,10635.295747261942,465.0576290593974,10635.295747261942,63.88838839806291,63.88838839806291,36.12492298179624,True,feasible_only,0.0,3840.5766929685656,True,10635.295747261942,10635.295747261942,63.88838839806291,63.88838839806291
S0008_R01,802027,no_unpairing,S0008,n50_p0.25_d1_uniform_Ehigh_V1.25_Hmedium_PWmoderate_B0.10,50,0.24,0.25,1,3,high,1.25,uniform,medium,moderate,0.1,20.0,5.0,1.0,peripheral,1033.4505679076112,216.06132414591156,15.33010403077338,60.57835840040197,741.4807813305242,741.4807813305242,32.02741164647059,20.186509680222514,0.0,52.213921326693104,640.5482329294118,100.93254840111257,0.0,0.0,191.8600925267921,270.07665518238935,51.10034676924461,48,2,0.04,2,2,1.0,2.0,43.077044640112305,17.50131376028966,15.144589600100492,43.077044640112305,2,0.8119181773969921,0.8119181773969921,0,434,434,3.499889850616455,6.0,3.0,1204.0,True,feasible,baseline_no_unpairing,10635.295747261942,465.0576290593974,10635.295747261942,90.28282247652892,90.28282247652892,41.92619617301343,True,feasible_only,0.0,1033.4505679076112,True,10635.295747261942,10635.295747261942,90.28282247652892,90.28282247652892
S0008_R01,802027,nils,S0008,n50_p0.25_d1_uniform_Ehigh_V1.25_Hmedium_PWmoderate_B0.10,50,0.24,0.25,1,3,high,1.25,uniform,medium,moderate,0.1,20.0,5.0,1.0,peripheral,1638.5642326688876,222.00610548821032,15.33010403077338,0.0,1401.228023149904,1401.228023149904,53.9028023043551,64.6343954125604,0.0,118.5371977169155,1078.056046087102,323.17197706280194,0.0,0.0,214.05991116499823,277.5076318602629,51.10034676924461,48,2,0.04,1,1,2.0,2.0,0.0,0.0,0.0,0.0,0,0.8119181773969921,0.8119181773969921,0,50,50,1.3272192478179932,7.0,2.0,23.0,True,feasible,nils_complete,10635.295747261942,465.0576290593974,10635.295747261942,84.59314840312987,84.59314840312987,40.32833470089801,True,feasible_only,0.0,1638.5642326688876,True,10635.295747261942,10635.295747261942,84.59314840312987,84.59314840312987
S0008_R01,802027,nils_no_local_search,S0008,n50_p0.25_d1_uniform_Ehigh_V1.25_Hmedium_PWmoderate_B0.10,50,0.24,0.25,1,3,high,1.25,uniform,medium,moderate,0.1,20.0,5.0,1.0,peripheral,4672.907306765687,337.12921336245375,15.460450091049648,0.0,4320.3176433121835,4320.3176433121835,116.15270628588024,380.50862544532555,94.72039036795144,591.3817220991573,2323.0541257176046,1902.5431272266278,94.72039036795144,0.0,295.5256878076434,421.4115167030671,51.53483363683216,45,5,0.1,1,1,5.0,5.0,0.0,0.0,0.0,0.0,0,0.8887225387215035,0.8887225387215035,0,64,64,1.1886215209960938,12.0,7.0,35.0,True,feasible,ablation_no_local_search,10635.295747261942,465.0576290593974,10635.295747261942,56.06227210024951,56.06227210024951,9.385097594164145,True,feasible_only,0.0,4672.907306765687,True,10635.295747261942,10635.295747261942,56.06227210024951,56.06227210024951
S0008_R01,802027,nils_no_perturbation,S0008,n50_p0.25_d1_uniform_Ehigh_V1.25_Hmedium_PWmoderate_B0.10,50,0.24,0.25,1,3,high,1.25,uniform,medium,moderate,0.1,20.0,5.0,1.0,peripheral,1638.5642326688876,222.00610548821032,15.33010403077338,0.0,1401.228023149904,1401.228023149904,53.9028023043551,64.6343954125604,0.0,118.5371977169155,1078.056046087102,323.17197706280194,0.0,0.0,214.05991116499823,277.5076318602629,51.10034676924461,48,2,0.04,1,1,2.0,2.0,0.0,0.0,0.0,0.0,0,0.8119181773969921,0.8119181773969921,0,100,100,0.4923875331878662,12.0,2.0,23.0,True,feasible,ablation_no_perturbation,10635.295747261942,465.0576290593974,10635.295747261942,84.59314840312987,84.59314840312987,40.32833470089801,True,feasible_only,0.0,1638.5642326688876,True,10635.295747261942,10635.295747261942,84.59314840312987,84.59314840312987
S0009_R01,902027,truck_only,S0009,n50_p0.25_d2_uniform_Ehigh_V2.00_Hmedium_PWmoderate_B0.10,50,0.24,0.25,2,3,high,2.0,uniform,medium,moderate,0.1,20.0,5.0,1.0,peripheral,22690.93972594762,338.3270438229193,0.0,0.0,22352.6126821247,22352.6126821247,785.8248672154003,1190.2783056680348,684.7238094765294,2660.8269823599644,15716.497344308007,5951.391528340174,684.7238094765294,0.0,441.34087786548696,422.908804778649,0.0,50,0,0.0,0,0,0.0,0.0,0.0,0.0,0.0,0.0,0,0.0,0.0,0,0,0,0.08954477310180664,0.0,0.0,0.0,True,feasible,baseline_truck_only,22690.93972594762,422.908804778649,22690.93972594762,,,0.0,True,feasible_only,0.0,22690.93972594762,True,22690.93972594762,22690.93972594762,,
S0009_R01,902027,simple_drone,S0009,n50_p0.25_d2_uniform_Ehigh_V2.00_Hmedium_PWmoderate_B0.10,50,0.24,0.25,2,3,high,2.0,uniform,medium,moderate,0.1,20.0,5.0,1.0,peripheral,22690.93972594762,338.32704382291934,0.0,0.0,22352.6126821247,22352.6126821247,785.8248672154003,1190.2783056680348,684.7238094765294,2660.8269823599644,15716.497344308007,5951.391528340174,684.7238094765294,0.0,441.34087786548696,422.908804778649,0.0,50,0,0.0,0,0,0.0,0.0,0.0,0.0,0.0,0.0,0,0.0,0.0,0,0,0,1.9511067867279053,0.0,0.0,0.0,True,feasible,baseline_simple_drone,22690.93972594762,422.908804778649,22690.93972594762,0.0,,0.0,True,feasible_only,0.0,22690.93972594762,True,22690.93972594762,22690.93972594762,0.0,
S0009_R01,902027,paired_baseline,S0009,n50_p0.25_d2_uniform_Ehigh_V2.00_Hmedium_PWmoderate_B0.10,50,0.24,0.25,2,3,high,2.0,uniform,medium,moderate,0.1,20.0,5.0,1.0,peripheral,5556.320503712886,217.82256120851008,31.227303606614374,76.90112356639047,5230.369515331372,5230.369515331372,188.70091095976335,291.2702592272207,0.0,479.97117018698407,3774.018219195267,1456.3512961361037,0.0,0.0,248.06910460870714,272.2782015106376,104.09101202204792,42,8,0.16,3,3,2.6666666666666665,4.0,0.0,76.90112356639047,12.816853927731744,56.030166751939305,3,0.5397817634791119,0.6948039835535706,0,175,175,11.926793098449707,12.0,5.0,4428.0,True,feasible,baseline_paired,22690.93972594762,422.908804778649,22690.93972594762,75.51304366050955,75.51304366050955,35.61775058025847,True,feasible_only,0.0,5556.320503712886,True,22690.93972594762,22690.93972594762,75.51304366050955,75.51304366050955
S0009_R01,902027,no_unpairing,S0009,n50_p0.25_d2_uniform_Ehigh_V2.00_Hmedium_PWmoderate_B0.10,50,0.24,0.25,2,3,high,2.0,uniform,medium,moderate,0.1,20.0,5.0,1.0,peripheral,4949.806886163898,219.98655303586042,31.53986373697069,69.30018954196639,4628.9802798491,4628.9802798491,177.24748948496352,216.80609802996588,0.0,394.0535875149294,3544.9497896992707,1084.0304901498293,0.0,0.0,224.97165095571384,274.98319129482553,105.13287912323565,44,6,0.12,3,3,2.0,3.0,0.0,69.30018954196639,11.550031590327732,58.27753328701864,2,0.5463444315076327,0.6646896927946778,0,462,462,16.8487868309021,6.0,6.0,9000.0,True,feasible,baseline_no_unpairing,22690.93972594762,422.908804778649,22690.93972594762,78.18597666757857,78.18597666757857,34.978135194240735,True,feasible_only,0.0,4949.806886163898,True,22690.93972594762,22690.93972594762,78.18597666757857,78.18597666757857
S0009_R01,902027,nils,S0009,n50_p0.25_d2_uniform_Ehigh_V2.00_Hmedium_PWmoderate_B0.10,50,0.24,0.25,2,3,high,2.0,uniform,medium,moderate,0.1,20.0,5.0,1.0,peripheral,2915.3541186171374,199.2342922371579,42.07012633447305,0.0,2674.0497000455066,2674.0497000455066,85.74004438875001,191.84976245410127,0.0,277.58980684285126,1714.800887775,959.2488122705063,0.0,0.0,231.42169165342645,249.04286529644736,140.23375444824353,40,10,0.2,2,2,5.0,5.0,0.0,0.0,0.0,0.0,0,0.7570559010274505,0.849422109260223,0,32,32,6.885761737823486,12.0,10.0,132.0,True,feasible,nils_complete,22690.93972594762,422.908804778649,22690.93972594762,87.15190224015552,87.15190224015552,41.11192236189155,True,feasible_only,0.0,2915.3541186171374,True,22690.93972594762,22690.93972594762,87.15190224015552,87.15190224015552
S0009_R01,902027,nils_no_local_search,S0009,n50_p0.25_d2_uniform_Ehigh_V2.00_Hmedium_PWmoderate_B0.10,50,0.24,0.25,2,3,high,2.0,uniform,medium,moderate,0.1,20.0,5.0,1.0,peripheral,6539.381656946739,279.74409805031024,43.34133388960223,0.0,6216.296225006827,6216.296225006827,589.8241971167971,612.5372268360372,128.88705023510772,1331.248474187942,11796.483942335943,3062.686134180186,128.88705023510772,0.0,411.30195274584526,349.68012256288785,144.47111296534075,39,11,0.22,2,2,5.5,5.5,0.0,0.0,0.0,0.0,0,0.7762860070395065,0.8485910940565632,0,15,15,1.3650329113006592,12.0,11.0,141.0,True,feasible,ablation_no_local_search,22690.93972594762,422.908804778649,22690.93972594762,71.18064859399013,71.18064859399013,17.315478275296055,True,feasible_only,0.0,6539.381656946739,True,22690.93972594762,22690.93972594762,71.18064859399013,71.18064859399013
S0009_R01,902027,nils_no_perturbation,S0009,n50_p0.25_d2_uniform_Ehigh_V2.00_Hmedium_PWmoderate_B0.10,50,0.24,0.25,2,3,high,2.0,uniform,medium,moderate,0.1,20.0,5.0,1.0,peripheral,4725.902454894578,208.1239548440047,33.137855487397815,0.0,4484.640644563176,4484.640644563176,163.4686540662881,243.05351264748282,0.0,406.52216671377096,3269.373081325762,1215.2675632374142,0.0,0.0,240.03298017875082,260.15494355500584,110.45951829132605,41,9,0.18,2,2,4.5,4.5,0.0,0.0,0.0,0.0,0,0.593983730796762,0.6646896927946778,0,26,26,1.7431414127349854,12.0,9.0,132.0,True,feasible,ablation_no_perturbation,22690.93972594762,422.908804778649,22690.93972594762,79.17273364623856,79.17273364623856,38.48438703205263,True,feasible_only,0.0,4725.902454894578,True,22690.93972594762,22690.93972594762,79.17273364623856,79.17273364623856
S0010_R01,1002027,truck_only,S0010,n50_p0.75_d1_uniform_Emedium_V1.25_Hshort_PWmoderate_B0.10,50,0.76,0.75,1,3,medium,1.25,uniform,short,moderate,0.1,20.0,5.0,1.0,peripheral,16680.468780236264,355.7975650967765,0.0,0.0,16324.671215139488,16324.671215139488,579.0049701691403,948.9143623513361,0.0,1527.9193325204765,11580.099403382806,4744.57181175668,0.0,0.0,351.5260417136966,444.7469563709705,0.0,50,0,0.0,0,0,0.0,0.0,0.0,0.0,0.0,0.0,0,0.0,0.0,0,0,0,0.04732823371887207,0.0,0.0,0.0,True,feasible,baseline_truck_only,16680.468780236264,444.7469563709705,16680.468780236264,,,0.0,True,feasible_only,0.0,16680.468780236264,True,16680.468780236264,16680.468780236264,,
S0010_R01,1002027,simple_drone,S0010,n50_p0.75_d1_uniform_Emedium_V1.25_Hshort_PWmoderate_B0.10,50,0.76,0.75,1,3,medium,1.25,uniform,short,moderate,0.1,20.0,5.0,1.0,peripheral,16680.468780236264,355.7975650967765,0.0,0.0,16324.671215139488,16324.671215139488,579.0049701691403,948.9143623513361,0.0,1527.9193325204765,11580.099403382806,4744.57181175668,0.0,0.0,351.5260417136966,444.7469563709705,0.0,50,0,0.0,0,0,0.0,0.0,0.0,0.0,0.0,0.0,0,0.0,0.0,0,0,0,3.0745742321014404,0.0,0.0,0.0,True,feasible,simple_drone|fallback_truck_only,16680.468780236264,444.7469563709705,16680.468780236264,0.0,,0.0,True,feasible_only,0.0,16680.468780236264,True,16680.468780236264,16680.468780236264,0.0,
S0010_R01,1002027,paired_baseline,S0010,n50_p0.75_d1_uniform_Emedium_V1.25_Hshort_PWmoderate_B0.10,50,0.76,0.75,1,3,medium,1.25,uniform,short,moderate,0.1,20.0,5.0,1.0,peripheral,6046.880967000971,216.20679523135462,11.335527412632914,204.26960490462858,5615.069039452355,5615.069039452355,248.4180110723483,129.3417636010779,0.0,377.7597746734262,4968.360221446966,646.7088180053895,0.0,0.0,217.07218372362703,270.2584940391933,37.785091375443045,47,3,0.06,1,1,3.0,3.0,0.0,204.26960490462858,102.13480245231429,114.70935044059125,2,0.7823653596981909,0.7823653596981909,0,429,429,2.241110324859619,5.0,1.0,953.0,True,feasible,baseline_paired,16680.468780236264,444.7469563709705,16680.468780236264,63.748734842718704,63.748734842718704,39.23319987517433,True,feasible_only,0.0,6046.880967000971,True,16680.468780236264,16680.468780236264,63.748734842718704,63.748734842718704
S0010_R01,1002027,no_unpairing,S0010,n50_p0.75_d1_uniform_Emedium_V1.25_Hshort_PWmoderate_B0.10,50,0.76,0.75,1,3,medium,1.25,uniform,short,moderate,0.1,20.0,5.0,1.0,peripheral,6214.065702504647,222.710186271129,12.30405002002494,213.99589313268746,5765.0555730808055,5765.0555730808055,253.47611966566438,139.1066359535036,0.0,392.582755619168,5069.5223933132875,695.533179767518,0.0,0.0,221.93532783765644,278.3877328389111,41.0135000667498,47,3,0.06,3,3,1.0,3.0,0.0,213.99589313268746,35.66598218878124,119.57249455462069,2,0.870016340468495,0.870016340468495,0,2080,2080,5.057506084442139,6.0,3.0,2703.0,True,feasible,baseline_no_unpairing,16680.468780236264,444.7469563709705,16680.468780236264,62.74645644331448,62.74645644331448,37.40536526421926,True,feasible_only,0.0,6214.065702504647,True,16680.468780236264,16680.468780236264,62.74645644331448,62.74645644331448
S0010_R01,1002027,nils,S0010,n50_p0.75_d1_uniform_Emedium_V1.25_Hshort_PWmoderate_B0.10,50,0.76,0.75,1,3,medium,1.25,uniform,short,moderate,0.1,20.0,5.0,1.0,peripheral,6108.911125943207,218.1351940389799,10.425438264527783,0.0,5880.3504936396985,5880.3504936396985,258.14429930040717,143.4929015263112,0.0,401.63720082671836,5162.885986008143,717.464507631556,0.0,0.0,221.93532783765644,272.6689925487248,34.75146088175927,48,2,0.04,1,1,2.0,2.0,0.0,0.0,0.0,0.0,0,0.7112482085903374,0.7112482085903374,0,210,210,2.1644814014434814,7.0,2.0,41.0,True,feasible,nils_complete,16680.468780236264,444.7469563709705,16680.468780236264,63.376861847064475,63.376861847064475,38.691206619233775,True,feasible_only,0.0,6108.911125943207,True,16680.468780236264,16680.468780236264,63.376861847064475,63.376861847064475
S0010_R01,1002027,nils_no_local_search,S0010,n50_p0.75_d1_uniform_Emedium_V1.25_Hshort_PWmoderate_B0.10,50,0.76,0.75,1,3,medium,1.25,uniform,short,moderate,0.1,20.0,5.0,1.0,peripheral,9680.028370376029,311.8424923626294,12.630551391319678,0.0,9355.55532662208,9355.55532662208,308.47752507435786,637.2009650269842,0.0,945.678490101342,6169.550501487157,3186.0048251349212,0.0,0.0,296.2092061263871,389.8031154532867,42.10183797106559,46,4,0.08,1,1,4.0,4.0,0.0,0.0,0.0,0.0,0,0.8948926354242845,0.8948926354242845,0,376,376,0.6857244968414307,12.0,5.0,42.0,True,feasible,ablation_no_local_search,16680.468780236264,444.7469563709705,16680.468780236264,41.96788772600119,41.96788772600119,12.353955464026667,True,feasible_only,0.0,9680.028370376029,True,16680.468780236264,16680.468780236264,41.96788772600119,41.96788772600119
S0010_R01,1002027,nils_no_perturbation,S0010,n50_p0.75_d1_uniform_Emedium_V1.25_Hshort_PWmoderate_B0.10,50,0.76,0.75,1,3,medium,1.25,uniform,short,moderate,0.1,20.0,5.0,1.0,peripheral,6108.911125943207,218.1351940389799,10.425438264527783,0.0,5880.3504936396985,5880.3504936396985,258.14429930040717,143.4929015263112,0.0,401.63720082671836,5162.885986008143,717.464507631556,0.0,0.0,221.93532783765644,272.6689925487248,34.75146088175927,48,2,0.04,1,1,2.0,2.0,0.0,0.0,0.0,0.0,0,0.7112482085903374,0.7112482085903374,0,385,385,0.4669473171234131,12.0,2.0,41.0,True,feasible,ablation_no_perturbation,16680.468780236264,444.7469563709705,16680.468780236264,63.376861847064475,63.376861847064475,38.691206619233775,True,feasible_only,0.0,6108.911125943207,True,16680.468780236264,16680.468780236264,63.376861847064475,63.376861847064475
S0011_R01,1102027,truck_only,S0011,n50_p0.75_d2_uniform_Emedium_V2.00_Hshort_PWbase_B0.10,50,0.76,0.75,2,3,medium,2.0,uniform,short,base,0.1,100.0,20.0,1.0,peripheral,108026.99103940139,363.01683484866703,0.0,0.0,107663.97420455272,107663.97420455272,963.9272784023279,540.1158979500204,468.9284053195338,1972.9715816718822,96392.7278402328,10802.31795900041,468.9284053195338,0.0,369.86934331057716,453.7710435608338,0.0,50,0,0.0,0,0,0.0,0.0,0.0,0.0,0.0,0.0,0,0.0,0.0,0,0,0,0.044278621673583984,0.0,0.0,0.0,True,feasible,baseline_truck_only,108026.99103940139,453.7710435608338,108026.99103940139,,,0.0,True,feasible_only,0.0,108026.99103940139,True,108026.99103940139,108026.99103940139,,
S0011_R01,1102027,simple_drone,S0011,n50_p0.75_d2_uniform_Emedium_V2.00_Hshort_PWbase_B0.10,50,0.76,0.75,2,3,medium,2.0,uniform,short,base,0.1,100.0,20.0,1.0,peripheral,108026.99103940139,363.01683484866703,0.0,0.0,107663.97420455272,107663.97420455272,963.9272784023279,540.1158979500204,468.9284053195338,1972.9715816718822,96392.7278402328,10802.31795900041,468.9284053195338,0.0,369.86934331057716,453.7710435608338,0.0,50,0,0.0,0,0,0.0,0.0,0.0,0.0,0.0,0.0,0,0.0,0.0,0,0,0,1.916224479675293,0.0,0.0,0.0,True,feasible,baseline_simple_drone,108026.99103940139,453.7710435608338,108026.99103940139,0.0,,0.0,True,feasible_only,0.0,108026.99103940139,True,108026.99103940139,108026.99103940139,0.0,
S0011_R01,1102027,paired_baseline,S0011,n50_p0.75_d2_uniform_Emedium_V2.00_Hshort_PWbase_B0.10,50,0.76,0.75,2,3,medium,2.0,uniform,short,base,0.1,100.0,20.0,1.0,peripheral,442.6435516363625,200.17267165080182,35.25160502358634,197.1320796344663,10.087195327508027,10.087195327508027,0.0,0.5043597663754014,0.0,0.5043597663754014,0.0,10.087195327508027,0.0,0.0,167.997671731166,250.21583956350227,117.50535007862115,41,9,0.18,4,3,2.25,4.5,0.0,197.1320796344663,28.161725662066612,106.98306747730955,4,0.8134356299211742,0.894890561556569,0,510,510,15.882609367370605,12.0,7.0,7676.0,True,feasible,baseline_paired,108026.99103940139,453.7710435608338,108026.99103940139,99.59024726378345,99.59024726378345,44.85857061305463,True,feasible_only,0.0,442.6435516363625,True,108026.99103940139,108026.99103940139,99.59024726378345,99.59024726378345
S0011_R01,1102027,no_unpairing,S0011,n50_p0.75_d2_uniform_Emedium_V2.00_Hshort_PWbase_B0.10,50,0.76,0.75,2,3,medium,2.0,uniform,short,base,0.1,100.0,20.0,1.0,peripheral,623.2076053881053,210.8244974244899,17.718680070367387,94.99252484629751,299.6719030469505,299.6719030469505,2.895847077194425,0.5043597663754014,0.0,3.4002068435698263,289.58470771944246,10.087195327508027,0.0,0.0,182.81174928827258,263.5306217806123,59.06226690122463,45,5,0.1,3,3,1.6666666666666667,5.0,0.0,94.99252484629751,15.832087474382918,81.00841113460011,2,0.8067876082636336,0.8067876082636336,0,39,39,28.854228973388672,5.0,5.0,18555.0,True,feasible,baseline_no_unpairing,108026.99103940139,453.7710435608338,108026.99103940139,99.4231000980479,99.4231000980479,41.92431942932412,True,feasible_only,0.0,623.2076053881053,True,108026.99103940139,108026.99103940139,99.4231000980479,99.4231000980479
S0011_R01,1102027,nils,S0011,n50_p0.75_d2_uniform_Emedium_V2.00_Hshort_PWbase_B0.10,50,0.76,0.75,2,3,medium,2.0,uniform,short,base,0.1,100.0,20.0,1.0,peripheral,229.0379851097374,194.68815687525523,34.349828234482175,0.0,0.0,0.0,0.0,0.0,0.0,0.0,0.0,0.0,0.0,0.0,161.25489515386545,243.36019609406895,114.49942744827392,39,11,0.22,2,2,5.5,5.5,0.0,0.0,0.0,0.0,0,0.7922589041646994,0.8067876082636336,0,228,228,2.017711639404297,12.0,11.0,568.0,True,feasible,nils_complete,108026.99103940139,453.7710435608338,108026.99103940139,99.78798077877944,99.78798077877944,46.36938615907001,True,feasible_only,0.0,229.0379851097374,True,108026.99103940139,108026.99103940139,99.78798077877944,99.78798077877944
S0011_R01,1102027,nils_no_local_search,S0011,n50_p0.75_d2_uniform_Emedium_V2.00_Hshort_PWbase_B0.10,50,0.76,0.75,2,3,medium,2.0,uniform,short,base,0.1,100.0,20.0,1.0,peripheral,15139.7911291468,280.39750422008365,38.2793210843183,0.0,14821.114303842398,14821.114303842398,668.800347179345,175.14401467062308,0.0,843.944361849968,66880.0347179345,3502.8802934124615,0.0,0.0,347.4709990800334,350.49688027510456,127.59773694772767,38,12,0.24,2,2,6.0,6.0,0.0,0.0,0.0,0.0,0,0.8611400845410571,0.8928483432345715,0,225,225,2.1048738956451416,12.0,12.0,555.0,True,feasible,ablation_no_local_search,108026.99103940139,453.7710435608338,108026.99103940139,85.98517742327493,85.98517742327493,22.75909068047089,True,feasible_only,0.0,15139.7911291468,True,108026.99103940139,108026.99103940139,85.98517742327493,85.98517742327493
S0011_R01,1102027,nils_no_perturbation,S0011,n50_p0.75_d2_uniform_Emedium_V2.00_Hshort_PWbase_B0.10,50,0.76,0.75,2,3,medium,2.0,uniform,short,base,0.1,100.0,20.0,1.0,peripheral,229.0379851097374,194.68815687525523,34.349828234482175,0.0,0.0,0.0,0.0,0.0,0.0,0.0,0.0,0.0,0.0,0.0,161.25489515386545,243.36019609406895,114.49942744827392,39,11,0.22,2,2,5.5,5.5,0.0,0.0,0.0,0.0,0,0.7922589041646994,0.8067876082636336,0,278,278,3.9285948276519775,12.0,11.0,502.0,True,feasible,ablation_no_perturbation,108026.99103940139,453.7710435608338,108026.99103940139,99.78798077877944,99.78798077877944,46.36938615907001,True,feasible_only,0.0,229.0379851097374,True,108026.99103940139,108026.99103940139,99.78798077877944,99.78798077877944
S0012_R01,1202027,truck_only,S0012,n50_p0.75_d2_uniform_Ehigh_V1.25_Hmedium_PWbase_B0.10,50,0.76,0.75,2,3,high,1.25,uniform,medium,base,0.1,100.0,20.0,1.0,peripheral,125581.27954008407,375.35924487154904,0.0,0.0,125205.92029521252,125205.92029521252,1018.201321145027,1148.511865162274,415.5508774643448,2582.264063771646,101820.1321145027,22970.23730324548,415.5508774643448,0.0,426.0154665217993,469.1990560894363,0.0,50,0,0.0,0,0,0.0,0.0,0.0,0.0,0.0,0.0,0,0.0,0.0,0,0,0,0.09668254852294922,0.0,0.0,0.0,True,feasible,baseline_truck_only,125581.27954008407,469.1990560894363,125581.27954008407,,,0.0,True,feasible_only,0.0,125581.27954008407,True,125581.27954008407,125581.27954008407,,
S0012_R01,1202027,simple_drone,S0012,n50_p0.75_d2_uniform_Ehigh_V1.25_Hmedium_PWbase_B0.10,50,0.76,0.75,2,3,high,1.25,uniform,medium,base,0.1,100.0,20.0,1.0,peripheral,125581.27954008407,375.35924487154904,0.0,0.0,125205.92029521252,125205.92029521252,1018.201321145027,1148.511865162274,415.5508774643448,2582.264063771646,101820.1321145027,22970.23730324548,415.5508774643448,0.0,426.0154665217993,469.1990560894363,0.0,50,0,0.0,0,0,0.0,0.0,0.0,0.0,0.0,0.0,0,0.0,0.0,0,0,0,3.4400219917297363,0.0,0.0,0.0,True,feasible,baseline_simple_drone,125581.27954008407,469.1990560894363,125581.27954008407,0.0,,0.0,True,feasible_only,0.0,125581.27954008407,True,125581.27954008407,125581.27954008407,0.0,
S0012_R01,1202027,paired_baseline,S0012,n50_p0.75_d2_uniform_Ehigh_V1.25_Hmedium_PWbase_B0.10,50,0.76,0.75,2,3,high,1.25,uniform,medium,base,0.1,100.0,20.0,1.0,peripheral,12909.605674769491,232.74266031977228,29.429002052066867,173.52087730648202,12473.91313509117,12473.91313509117,113.31425749574404,57.124369275838305,0.0,170.43862677158234,11331.425749574404,1142.4873855167662,0.0,0.0,209.08791755330955,290.9283253997154,98.09667350688957,44,6,0.12,3,2,2.0,3.0,56.359068527563466,117.16180877891854,34.7041754612964,106.5237998874202,3,0.8220221327070301,0.8883584623670153,0,2082,2082,31.792130947113037,12.0,7.0,12623.0,True,feasible,baseline_paired,125581.27954008407,469.1990560894363,125581.27954008407,89.7201193346267,89.7201193346267,37.99469081961236,True,feasible_only,0.0,12909.605674769491,True,125581.27954008407,125581.27954008407,89.7201193346267,89.7201193346267
S0012_R01,1202027,no_unpairing,S0012,n50_p0.75_d2_uniform_Ehigh_V1.25_Hmedium_PWbase_B0.10,50,0.76,0.75,2,3,high,1.25,uniform,medium,base,0.1,100.0,20.0,1.0,peripheral,26509.132926459133,212.7404782957697,16.460886011219348,10.638008891498348,26269.293553260646,26269.293553260646,226.12890578128037,182.8201487566305,0.0,408.94905453791085,22612.890578128037,3656.4029751326098,0.0,0.0,220.9458559813272,265.92559786971213,54.86962003739784,48,2,0.04,2,2,1.0,2.0,0.0,10.638008891498348,2.659502222874587,10.638008891498348,1,0.8997360411627193,0.8997360411627193,0,317,317,25.682803630828857,2.0,2.0,12471.0,True,feasible,baseline_no_unpairing,125581.27954008407,469.1990560894363,125581.27954008407,78.89085616618699,78.89085616618699,43.323501098641856,True,feasible_only,0.0,26509.132926459133,True,125581.27954008407,125581.27954008407,78.89085616618699,78.89085616618699
S0012_R01,1202027,nils,S0012,n50_p0.75_d2_uniform_Ehigh_V1.25_Hmedium_PWbase_B0.10,50,0.76,0.75,2,3,high,1.25,uniform,medium,base,0.1,100.0,20.0,1.0,peripheral,16187.400025438497,216.4315962420008,32.407343441714694,0.0,15938.561085754782,15938.561085754782,141.4999523305003,89.42829263523757,0.0,230.92824496573786,14149.99523305003,1788.5658527047513,0.0,0.0,206.1860670947784,270.53949530250094,108.024478139049,44,6,0.12,2,2,3.0,3.0,0.0,0.0,0.0,0.0,0,0.8983685030288766,0.8997360411627193,0,567,567,1.6358118057250977,12.0,9.0,249.0,True,feasible,nils_complete,125581.27954008407,469.1990560894363,125581.27954008407,87.11002142618584,87.11002142618584,42.34014502132073,True,feasible_only,0.0,16187.400025438497,True,125581.27954008407,125581.27954008407,87.11002142618584,87.11002142618584
S0012_R01,1202027,nils_no_local_search,S0012,n50_p0.75_d2_uniform_Ehigh_V1.25_Hmedium_PWbase_B0.10,50,0.76,0.75,2,3,high,1.25,uniform,medium,base,0.1,100.0,20.0,1.0,peripheral,38682.83794104694,286.5824373548887,32.05672957235839,0.0,38364.19877411969,38364.19877411969,839.6004156065346,440.55621192405386,103.9648010786182,1384.1214286092068,83960.04156065347,8811.124238481078,103.9648010786182,0.0,404.0060033800148,358.2280466936109,106.85576524119467,39,11,0.22,2,2,5.5,5.5,0.0,0.0,0.0,0.0,0,0.882031051550004,0.886109683056121,0,359,359,1.3913218975067139,12.0,11.0,421.0,True,feasible,ablation_no_local_search,125581.27954008407,469.1990560894363,125581.27954008407,69.19697101135219,69.19697101135219,23.651157852004005,True,feasible_only,0.0,38682.83794104694,True,125581.27954008407,125581.27954008407,69.19697101135219,69.19697101135219
S0012_R01,1202027,nils_no_perturbation,S0012,n50_p0.75_d2_uniform_Ehigh_V1.25_Hmedium_PWbase_B0.10,50,0.76,0.75,2,3,high,1.25,uniform,medium,base,0.1,100.0,20.0,1.0,peripheral,17595.03684759041,202.15754601646043,32.407343441714694,0.0,17360.471958132235,17360.471958132235,147.47058799695483,130.67065792183757,0.0,278.1412459187924,14747.058799695484,2613.4131584367515,0.0,0.0,208.40639468197926,252.69693252057556,108.024478139049,44,6,0.12,2,2,3.0,3.0,0.0,0.0,0.0,0.0,0,0.8983685030288766,0.8997360411627193,0,594,594,1.1409966945648193,12.0,6.0,216.0,True,feasible,ablation_no_perturbation,125581.27954008407,469.1990560894363,125581.27954008407,85.98912440450627,85.98912440450627,46.142915412769334,True,feasible_only,0.0,17595.03684759041,True,125581.27954008407,125581.27954008407,85.98912440450627,85.98912440450627
S0013_R01,1302027,truck_only,S0013,n50_p0.75_d2_uniform_Ehigh_V2.00_Hshort_PWmoderate_B0.10,50,0.76,0.75,2,3,high,2.0,uniform,short,moderate,0.1,20.0,5.0,1.0,peripheral,38939.98590436617,367.07642015431094,0.0,0.0,38572.90948421186,38572.90948421186,1458.7078741625096,1799.9099351649822,399.2023251367525,3657.820134464245,29174.157483250194,8999.549675824912,399.2023251367525,0.0,425.42405290952786,458.8455251928887,0.0,50,0,0.0,0,0,0.0,0.0,0.0,0.0,0.0,0.0,0,0.0,0.0,0,0,0,0.044602394104003906,0.0,0.0,0.0,True,feasible,baseline_truck_only,38939.98590436617,458.8455251928887,38939.98590436617,,,0.0,True,feasible_only,0.0,38939.98590436617,True,38939.98590436617,38939.98590436617,,
S0013_R01,1302027,simple_drone,S0013,n50_p0.75_d2_uniform_Ehigh_V2.00_Hshort_PWmoderate_B0.10,50,0.76,0.75,2,3,high,2.0,uniform,short,moderate,0.1,20.0,5.0,1.0,peripheral,38939.98590436617,367.07642015431094,0.0,0.0,38572.90948421186,38572.90948421186,1458.7078741625096,1799.9099351649822,399.2023251367525,3657.820134464245,29174.157483250194,8999.549675824912,399.2023251367525,0.0,425.42405290952786,458.8455251928887,0.0,50,0,0.0,0,0,0.0,0.0,0.0,0.0,0.0,0.0,0,0.0,0.0,0,0,0,3.2806055545806885,0.0,0.0,0.0,True,feasible,simple_drone|fallback_truck_only,38939.98590436617,458.8455251928887,38939.98590436617,0.0,,0.0,True,feasible_only,0.0,38939.98590436617,True,38939.98590436617,38939.98590436617,0.0,
S0013_R01,1302027,paired_baseline,S0013,n50_p0.75_d2_uniform_Ehigh_V2.00_Hshort_PWmoderate_B0.10,50,0.76,0.75,2,3,high,2.0,uniform,short,moderate,0.1,20.0,5.0,1.0,peripheral,4073.9323259300027,187.93465752368866,34.66411952856844,372.49314007355036,3478.8404088041952,3478.8404088041952,125.23780842162142,194.81684807435323,0.0,320.05465649597465,2504.7561684324282,974.0842403717661,0.0,0.0,201.6378506265838,234.91832190461076,115.54706509522813,43,7,0.14,3,3,2.3333333333333335,3.5,0.0,372.49314007355036,62.082190012258394,154.94041755791972,4,0.5954340094931293,0.7127893907816566,0,0,0,37.76139426231384,5.0,5.0,20395.0,True,feasible,baseline_paired,38939.98590436617,458.8455251928887,38939.98590436617,89.5379203887354,89.5379203887354,48.80230731119015,True,feasible_only,0.0,4073.9323259300027,True,38939.98590436617,38939.98590436617,89.5379203887354,89.5379203887354
S0013_R01,1302027,no_unpairing,S0013,n50_p0.75_d2_uniform_Ehigh_V2.00_Hshort_PWmoderate_B0.10,50,0.76,0.75,2,3,high,2.0,uniform,short,moderate,0.1,20.0,5.0,1.0,peripheral,5088.888149860011,200.7222056620654,14.933804983990955,267.2628265905214,4605.969312623433,4605.969312623433,180.66032360975575,198.5525680856635,0.0,379.2128916954192,3613.206472195115,992.7628404283175,0.0,0.0,217.36637046631105,250.90275707758175,49.779349946636515,48,2,0.04,2,2,1.0,2.0,0.0,267.2628265905214,66.81570664763035,158.7158223833776,2,0.4821893783173199,0.4821893783173199,0,0,0,31.086283445358276,2.0,2.0,13656.0,True,feasible,baseline_no_unpairing,38939.98590436617,458.8455251928887,38939.98590436617,86.93145867500323,86.93145867500323,45.3186871611949,True,feasible_only,0.0,5088.888149860011,True,38939.98590436617,38939.98590436617,86.93145867500323,86.93145867500323
S0013_R01,1302027,nils,S0013,n50_p0.75_d2_uniform_Ehigh_V2.00_Hshort_PWmoderate_B0.10,50,0.76,0.75,2,3,high,2.0,uniform,short,moderate,0.1,20.0,5.0,1.0,peripheral,834.9576790624551,173.70413778154375,34.03380632725005,0.0,627.2197349536613,627.2197349536613,11.920760385121184,77.7609054502475,0.0,89.68166583536869,238.4152077024237,388.8045272512375,0.0,0.0,186.15993230612904,217.1301722269297,113.44602109083351,39,11,0.22,2,2,5.5,5.5,0.0,0.0,0.0,0.0,0,0.5914279009560002,0.6674543449663389,0,33,33,3.2608273029327393,12.0,11.0,763.0,True,feasible,nils_complete,38939.98590436617,458.8455251928887,38939.98590436617,97.85578330430563,97.85578330430563,52.67902588008178,True,feasible_only,0.0,834.9576790624551,True,38939.98590436617,38939.98590436617,97.85578330430563,97.85578330430563
S0013_R01,1302027,nils_no_local_search,S0013,n50_p0.75_d2_uniform_Ehigh_V2.00_Hshort_PWmoderate_B0.10,50,0.76,0.75,2,3,high,2.0,uniform,short,moderate,0.1,20.0,5.0,1.0,peripheral,8161.153203790915,261.3992776943223,34.32304522121458,0.0,7865.430880875378,7865.430880875378,1155.3654944996147,822.8159214270436,31.307993354139143,2009.4894092807974,23107.30988999229,4114.079607135218,31.307993354139143,0.0,399.9551781197546,326.74909711790286,114.41015073738194,38,12,0.24,2,2,6.0,6.0,0.0,0.0,0.0,0.0,0,0.5995099681236513,0.8472057019415674,0,41,41,2.7600271701812744,12.0,12.0,739.0,True,feasible,ablation_no_local_search,38939.98590436617,458.8455251928887,38939.98590436617,79.0417150539445,79.0417150539445,28.788867019996626,True,feasible_only,0.0,8161.153203790915,True,38939.98590436617,38939.98590436617,79.0417150539445,79.0417150539445
S0013_R01,1302027,nils_no_perturbation,S0013,n50_p0.75_d2_uniform_Ehigh_V2.00_Hshort_PWmoderate_B0.10,50,0.76,0.75,2,3,high,2.0,uniform,short,moderate,0.1,20.0,5.0,1.0,peripheral,793.1206635597309,173.14236475399457,37.639930230902074,0.0,582.3383685748342,582.3383685748342,11.920760385121184,68.78463217448213,0.0,80.70539255960331,238.4152077024237,343.9231608724106,0.0,0.0,185.03798068924038,216.42795594249324,125.46643410300692,38,12,0.24,2,2,6.0,6.0,0.0,0.0,0.0,0.0,0,0.6560032148584654,0.6674543449663389,0,39,39,3.241804361343384,12.0,12.0,741.0,True,feasible,ablation_no_perturbation,38939.98590436617,458.8455251928887,38939.98590436617,97.96322303375358,97.96322303375358,52.832065682342304,True,feasible_only,0.0,793.1206635597309,True,38939.98590436617,38939.98590436617,97.96322303375358,97.96322303375358
S0014_R01,2402030,truck_only,S0014,n50_p0.75_d1_uniform_Ehigh_V2.00_Hmedium_PWbase_B0.10,50,0.76,0.75,1,3,high,2.0,uniform,medium,base,0.1,100.0,20.0,1.0,peripheral,40488.201398851765,401.44385498486474,0.0,0.0,40086.7575438669,40086.7575438669,247.73241701054596,755.201998099807,209.47588081616482,1212.4102959265178,24773.241701054594,15104.03996199614,209.47588081616482,0.0,373.8177253265889,501.8048187310807,0.0,50,0,0.0,0,0,0.0,0.0,0.0,0.0,0.0,0.0,0,0.0,0.0,0,0,0,0.06212973594665527,0.0,0.0,0.0,True,feasible,baseline_truck_only,40488.201398851765,501.8048187310807,40488.201398851765,,,0.0,True,feasible_only,0.0,40488.201398851765,True,40488.201398851765,40488.201398851765,,
S0014_R01,2402030,simple_drone,S0014,n50_p0.75_d1_uniform_Ehigh_V2.00_Hmedium_PWbase_B0.10,50,0.76,0.75,1,3,high,2.0,uniform,medium,base,0.1,100.0,20.0,1.0,peripheral,40488.201398851765,401.44385498486474,0.0,0.0,40086.7575438669,40086.7575438669,247.73241701054596,755.201998099807,209.47588081616482,1212.4102959265178,24773.241701054594,15104.03996199614,209.47588081616482,0.0,373.8177253265889,501.8048187310807,0.0,50,0,0.0,0,0,0.0,0.0,0.0,0.0,0.0,0.0,0,0.0,0.0,0,0,0,3.8945603370666504,0.0,0.0,0.0,True,feasible,simple_drone|fallback_truck_only,40488.201398851765,501.8048187310807,40488.201398851765,0.0,,0.0,True,feasible_only,0.0,40488.201398851765,True,40488.201398851765,40488.201398851765,0.0,
S0014_R01,2402030,paired_baseline,S0014,n50_p0.75_d1_uniform_Ehigh_V2.00_Hmedium_PWbase_B0.10,50,0.76,0.75,1,3,high,2.0,uniform,medium,base,0.1,100.0,20.0,1.0,peripheral,10551.487838229697,228.09457542718127,25.132384684687995,89.17137489016702,10209.08950322766,10209.08950322766,99.58289980196278,12.539976151569178,0.0,112.12287595353196,9958.289980196278,250.79952303138356,0.0,0.0,221.565290776147,285.11821928397654,83.77461561562666,42,8,0.16,2,2,4.0,8.0,49.1424844924118,40.02889039775521,22.292843722541754,49.1424844924118,3,0.8806023227591628,0.8806023227591628,0,269,269,10.924297332763672,10.0,6.0,4527.0,True,feasible,baseline_paired,40488.201398851765,501.8048187310807,40488.201398851765,73.93935153037216,73.93935153037216,43.18145050799669,True,feasible_only,0.0,10551.487838229697,True,40488.201398851765,40488.201398851765,73.93935153037216,73.93935153037216
S0014_R01,2402030,no_unpairing,S0014,n50_p0.75_d1_uniform_Ehigh_V2.00_Hmedium_PWbase_B0.10,50,0.76,0.75,1,3,high,2.0,uniform,medium,base,0.1,100.0,20.0,1.0,peripheral,2284.3853279390387,227.61217011152908,14.298526856380152,10.30134327110136,2032.173287700028,2032.173287700028,11.139014055666237,45.9135941066702,0.0,57.05260816233644,1113.9014055666237,918.271882133404,0.0,0.0,220.13626487533475,284.5152126394113,47.66175618793385,46,4,0.08,3,3,1.3333333333333333,4.0,0.0,10.30134327110136,1.7168905451835599,10.30134327110136,1,0.4807293163513124,0.4807293163513124,0,0,0,26.27479362487793,4.0,4.0,7891.0,True,feasible,baseline_no_unpairing,40488.201398851765,501.8048187310807,40488.201398851765,94.35789872354314,94.35789872354314,43.30161807555614,True,feasible_only,0.0,2284.3853279390387,True,40488.201398851765,40488.201398851765,94.35789872354314,94.35789872354314
S0014_R01,2402030,nils,S0014,n50_p0.75_d1_uniform_Ehigh_V2.00_Hmedium_PWbase_B0.10,50,0.76,0.75,1,3,high,2.0,uniform,medium,base,0.1,100.0,20.0,1.0,peripheral,1048.5506824510626,222.5457651023505,24.783443195540233,0.0,801.2214741531718,801.2214741531718,5.913161637661943,10.495265519348877,0.0,16.40842715701082,591.3161637661943,209.90531038697753,0.0,0.0,220.13626487533475,278.1822063779381,82.61147731846745,41,9,0.18,1,1,9.0,9.0,0.0,0.0,0.0,0.0,0,0.8952501206768669,0.8952501206768669,0,140,140,9.769706010818481,12.0,9.0,259.0,True,feasible,nils_complete,40488.201398851765,501.8048187310807,40488.201398851765,97.4102315088741,97.4102315088741,44.5636638003237,True,feasible_only,0.0,1048.5506824510626,True,40488.201398851765,40488.201398851765,97.4102315088741,97.4102315088741
S0014_R01,2402030,nils_no_local_search,S0014,n50_p0.75_d1_uniform_Ehigh_V2.00_Hmedium_PWbase_B0.10,50,0.76,0.75,1,3,high,2.0,uniform,medium,base,0.1,100.0,20.0,1.0,peripheral,6653.184623194896,323.89836303748757,24.111257009460715,0.0,6305.175003147948,6305.175003147948,15.37973253245083,238.34846313267028,0.23248724945892718,253.96068291458005,1537.973253245083,4766.969262653405,0.23248724945892718,0.0,283.3377002798178,404.87295379685935,80.3708566982024,42,8,0.16,1,1,8.0,8.0,0.0,0.0,0.0,0.0,0,0.8767528666438074,0.8767528666438074,0,181,181,1.569077730178833,12.0,9.0,215.0,True,feasible,ablation_no_local_search,40488.201398851765,501.8048187310807,40488.201398851765,83.56759650137589,83.56759650137589,19.31664689457028,True,feasible_only,0.0,6653.184623194896,True,40488.201398851765,40488.201398851765,83.56759650137589,83.56759650137589
S0014_R01,2402030,nils_no_perturbation,S0014,n50_p0.75_d1_uniform_Ehigh_V2.00_Hmedium_PWbase_B0.10,50,0.76,0.75,1,3,high,2.0,uniform,medium,base,0.1,100.0,20.0,1.0,peripheral,1048.5506824510626,222.5457651023505,24.783443195540233,0.0,801.2214741531718,801.2214741531718,5.913161637661943,10.495265519348877,0.0,16.40842715701082,591.3161637661943,209.90531038697753,0.0,0.0,220.13626487533475,278.1822063779381,82.61147731846745,41,9,0.18,1,1,9.0,9.0,0.0,0.0,0.0,0.0,0,0.8952501206768669,0.8952501206768669,0,169,169,1.599369764328003,12.0,9.0,224.0,True,feasible,ablation_no_perturbation,40488.201398851765,501.8048187310807,40488.201398851765,97.4102315088741,97.4102315088741,44.5636638003237,True,feasible_only,0.0,1048.5506824510626,True,40488.201398851765,40488.201398851765,97.4102315088741,97.4102315088741
